ALL CLASSES,SCHEDULED CASTE,(1),(2),(3),(4),(5),(6),(7),(8),(9),(10),(11),(12)
ALL CLASSES,SCHEDULED CASTE,1,ADILABAD,58,537,58,537,0,0,0,0,0,0
ALL CLASSES,SCHEDULED CASTE,2,NIZAMABAD,72,755,72,755,0,0,0,0,0,0
ALL CLASSES,SCHEDULED CASTE,3,KARIMNAGAR,25,354,25,354,0,0,0,0,0,0
ALL CLASSES,SCHEDULED CASTE,4,MEDAK,184,2730,179,2717,0,0,5,14,0,0
ALL CLASSES,SCHEDULED CASTE,5,RANGAREDDY,145,1092,145,1092,0,0,0,0,0,0
ALL CLASSES,SCHEDULED CASTE,6,MAHABUBNAGAR,14,452,14,452,0,0,0,0,0,0
ALL CLASSES,SCHEDULED CASTE,7,NALGONDA,135,2235,135,2235,0,0,0,0,0,0
ALL CLASSES,SCHEDULED CASTE,8,WARANGAL,7,76,7,76,0,0,0,0,0,0
ALL CLASSES,SCHEDULED CASTE,9,KHAMMAM,160,2186,159,2185,0,0,1,0,0,0
ALL CLASSES,SCHEDULED CASTE,10,SRIKAKULAM,508,4033,507,4017,0,0,1,16,0,0
ALL CLASSES,SCHEDULED CASTE,11,VIZIANAGARAM,107,1363,101,1310,0,0,3,23,3,30
ALL CLASSES,SCHEDULED CASTE,12,VISAKHAPATNAM,211,1483,209,1476,0,0,2,7,0,0
ALL CLASSES,SCHEDULED CASTE,13,EAST GODAVARI,836,3912,805,3868,6,9,25,35,0,0
ALL CLASSES,SCHEDULED CASTE,14,WEST GODAVARI,776,3446,730,3220,2,7,29,62,15,156
ALL CLASSES,SCHEDULED CASTE,15,KRISHNA,25,180,25,180,0,0,0,0,0,0
ALL CLASSES,SCHEDULED CASTE,16,GUNTUR,759,8025,752,7979,0,0,7,46,0,0
ALL CLASSES,SCHEDULED CASTE,17,PRAKASAM,168,2040,168,2040,0,0,0,0,0,0
ALL CLASSES,SCHEDULED CASTE,18,NELLORE,666,6792,657,6527,0,0,5,186,4,79
ALL CLASSES,SCHEDULED CASTE,19,KADAPA,18,619,18,619,0,0,0,0,0,0
ALL CLASSES,SCHEDULED CASTE,20,KURNOOL,53,1619,53,1619,0,0,0,0,0,0
ALL CLASSES,SCHEDULED CASTE,21,ANANTHAPUR,714,5821,713,5801,0,0,0,0,1,21
ALL CLASSES,SCHEDULED CASTE,22,CHITTOOR,45,2173,44,2101,1,73,0,0,0,0
ALL CLASSES,OTHERS,(1),(2),(3),(4),(5),(6),(7),(8),(9),(10),(11),(12)
ALL CLASSES,OTHERS,1,ADILABAD,328303,450198,306457,416120,1189,3105,20657,30973,0,0
ALL CLASSES,OTHERS,2,NIZAMABAD,371883,357578,331865,321009,3707,7215,36310,29323,1,32
ALL CLASSES,OTHERS,3,KARIMNAGAR,546409,559792,525977,537480,1051,2246,19381,20066,0,0
ALL CLASSES,OTHERS,4,MEDAK,541557,548966,513504,519507,2705,5331,25348,24128,0,0
ALL CLASSES,OTHERS,5,RANGAREDDY,259983,337733,250135,324739,965,2764,8883,10231,0,0
ALL CLASSES,OTHERS,6,MAHABUBNAGAR,761838,988683,711341,918372,3197,9260,47300,61050,0,0
ALL CLASSES,OTHERS,7,NALGONDA,585344,754808,555300,707258,2938,8630,27106,38920,0,0
ALL CLASSES,OTHERS,8,WARANGAL,474526,506312,451834,483232,1655,2607,21037,20473,0,0
ALL CLASSES,OTHERS,9,KHAMMAM,267298,324091,243246,289909,4029,10892,19866,22542,157,747
ALL CLASSES,OTHERS,10,SRIKAKULAM,461825,307914,404825,264522,16262,23778,40722,19562,16,51
ALL CLASSES,OTHERS,11,VIZIANAGARAM,385619,292697,338097,245485,12590,21869,34863,25176,69,167
ALL CLASSES,OTHERS,12,VISAKHAPATNAM,355558,218042,332524,201525,4291,5910,18743,10606,0,0
ALL CLASSES,OTHERS,13,EAST GODAVARI,591563,393393,512779,337999,6456,11009,71874,42828,454,1557
ALL CLASSES,OTHERS,14,WEST GODAVARI,496068,416957,436141,358972,5326,9351,51575,42576,3026,6057
ALL CLASSES,OTHERS,15,KRISHNA,488069,471806,427265,410474,5126,11896,45816,43135,9862,6301
ALL CLASSES,OTHERS,16,GUNTUR,685605,643418,619975,583963,4993,9689,60637,49765,0,0
ALL CLASSES,OTHERS,17,PRAKASAM,583508,770930,510733,688460,6843,17670,51679,55569,14253,9231
ALL CLASSES,OTHERS,18,NELLORE,342982,404532,319048,375010,1802,4999,20425,21926,1707,2596
ALL CLASSES,OTHERS,19,KADAPA,393236,502650,349462,447870,3801,10556,37484,42004,2489,2220
ALL CLASSES,OTHERS,20,KURNOOL,544022,945171,479675,835512,8389,32890,53383,72621,2575,4147
ALL CLASSES,OTHERS,21,ANANTHAPUR,626250,1141597,566489,1029604,4826,15664,51385,88851,3550,7478
ALL CLASSES,OTHERS,22,CHITTOOR,561836,555463,522741,514659,4034,9960,33152,28531,1909,2312
ALL CLASSES,SCHEDULED TRIBES,(1),(2),(3),(4),(5),(6),(7),(8),(9),(10),(11),(12)
ALL CLASSES,SCHEDULED TRIBES,1,ADILABAD,111340,187245,105953,178933,117,291,5270,8021,0,0
ALL CLASSES,SCHEDULED TRIBES,2,NIZAMABAD,38982,33612,35907,31224,76,93,2987,2270,12,26
ALL CLASSES,SCHEDULED TRIBES,3,KARIMNAGAR,19332,16651,18719,16258,27,26,586,367,0,0
ALL CLASSES,SCHEDULED TRIBES,4,MEDAK,35100,36362,33121,34955,187,249,1792,1158,0,0
ALL CLASSES,SCHEDULED TRIBES,5,RANGAREDDY,29498,32328,28887,31583,9,17,467,379,135,349
ALL CLASSES,SCHEDULED TRIBES,6,MAHABUBNAGAR,90948,97770,86427,92849,379,731,4134,4172,8,18
ALL CLASSES,SCHEDULED TRIBES,7,NALGONDA,84584,84019,81692,81477,195,386,2697,2156,0,0
ALL CLASSES,SCHEDULED TRIBES,8,WARANGAL,106316,102576,100639,98204,485,488,5192,3883,0,0
ALL CLASSES,SCHEDULED TRIBES,9,KHAMMAM,156327,180118,150140,171707,1578,3497,4331,4458,278,456
ALL CLASSES,SCHEDULED TRIBES,10,SRIKAKULAM,36050,26845,35060,26152,292,337,698,357,0,0
ALL CLASSES,SCHEDULED TRIBES,11,VIZIANAGARAM,39185,36850,36522,34342,611,968,2047,1537,5,3
ALL CLASSES,SCHEDULED TRIBES,12,VISAKHAPATNAM,108507,174416,105234,168426,953,3326,2320,2664,0,0
ALL CLASSES,SCHEDULED TRIBES,13,EAST GODAVARI,43952,81435,41083,77098,553,1961,1927,2165,389,210
ALL CLASSES,SCHEDULED TRIBES,14,WEST GODAVARI,20810,24157,18958,22675,115,264,1558,1129,179,88
ALL CLASSES,SCHEDULED TRIBES,15,KRISHNA,12631,9287,11175,8174,107,153,1109,757,240,202
ALL CLASSES,SCHEDULED TRIBES,16,GUNTUR,21028,18891,19354,17847,54,57,1620,987,0,0
ALL CLASSES,SCHEDULED TRIBES,17,PRAKASAM,13818,12384,12194,11374,48,78,653,574,923,357
ALL CLASSES,SCHEDULED TRIBES,18,NELLORE,24706,14318,23304,13357,95,116,1234,774,73,70
ALL CLASSES,SCHEDULED TRIBES,19,KADAPA,8527,7573,8045,7186,6,10,471,369,5,9
ALL CLASSES,SCHEDULED TRIBES,20,KURNOOL,12331,16423,11375,14798,226,788,730,837,0,0
ALL CLASSES,SCHEDULED TRIBES,21,ANANTHAPUR,29469,42531,25872,37715,170,310,3396,4481,31,25
ALL CLASSES,SCHEDULED TRIBES,22,CHITTOOR,16039,12322,15341,11692,56,114,638,514,4,2
ALL CLASSES,ALL SOCIAL GROUPS,(1),(2),(3),(4),(5),(6),(7),(8),(9),(10),(11),(12)
ALL CLASSES,ALL SOCIAL GROUPS,1,ADILABAD,519995,728579,488085,679984,1464,3707,30446,44888,0,0
ALL CLASSES,ALL SOCIAL GROUPS,2,NIZAMABAD,473528,434476,426207,392738,4253,7808,43055,33872,13,58
ALL CLASSES,ALL SOCIAL GROUPS,3,KARIMNAGAR,662345,638690,637517,613545,1209,2431,23619,22714,0,0
ALL CLASSES,ALL SOCIAL GROUPS,4,MEDAK,684543,662932,651127,629677,3271,5976,30145,27279,0,0
ALL CLASSES,ALL SOCIAL GROUPS,5,RANGAREDDY,342671,419634,330237,404225,1208,3027,11091,12034,135,349
ALL CLASSES,ALL SOCIAL GROUPS,6,MAHABUBNAGAR,982314,1204862,921061,1123213,3830,10311,57415,71320,8,18
ALL CLASSES,ALL SOCIAL GROUPS,7,NALGONDA,757188,904236,721959,852228,3321,9359,31908,42648,0,0
ALL CLASSES,ALL SOCIAL GROUPS,8,WARANGAL,663061,667311,632532,638432,2332,3301,28197,25578,0,0
ALL CLASSES,ALL SOCIAL GROUPS,9,KHAMMAM,468337,536105,434125,490775,6673,15380,27104,28746,435,1204
ALL CLASSES,ALL SOCIAL GROUPS,10,SRIKAKULAM,525870,349412,464963,304147,16987,24415,43904,20799,16,51
ALL CLASSES,ALL SOCIAL GROUPS,11,VIZIANAGARAM,446841,342484,394404,291563,13471,23104,38889,27618,77,200
ALL CLASSES,ALL SOCIAL GROUPS,12,VISAKHAPATNAM,474738,400083,448255,377446,5280,9284,21203,13353,0,0
ALL CLASSES,ALL SOCIAL GROUPS,13,EAST GODAVARI,698714,501366,613442,440299,7236,13155,77193,46144,843,1767
ALL CLASSES,ALL SOCIAL GROUPS,14,WEST GODAVARI,565831,470051,498571,406378,5864,10067,58176,47304,3220,6302
ALL CLASSES,ALL SOCIAL GROUPS,15,KRISHNA,551567,508413,484585,443380,5641,12440,50230,45684,11111,6909
ALL CLASSES,ALL SOCIAL GROUPS,16,GUNTUR,760648,701404,689983,639136,5228,9989,65437,52280,0,0
ALL CLASSES,ALL SOCIAL GROUPS,17,PRAKASAM,670553,847508,591264,760096,7293,18341,56322,59227,15674,9845
ALL CLASSES,ALL SOCIAL GROUPS,18,NELLORE,457015,478919,426981,445559,2176,5535,25871,24866,1987,2959
ALL CLASSES,ALL SOCIAL GROUPS,19,KADAPA,441306,542399,392095,483137,4001,10844,42448,45977,2762,2441
ALL CLASSES,ALL SOCIAL GROUPS,20,KURNOOL,632902,1050086,558937,928477,9504,36140,61552,81020,2909,4449
ALL CLASSES,ALL SOCIAL GROUPS,21,ANANTHAPUR,727951,1278010,660082,1156111,5350,16629,58700,97520,3819,7750
ALL CLASSES,ALL SOCIAL GROUPS,22,CHITTOOR,667182,626306,620080,581007,4525,10581,40539,32350,2038,2368
20.0 & ABOVE,SCHEDULED CASTE,(1),(2),(3),(4),(5),(6),(7),(8),(9),(10),(11),(12)
20.0 & ABOVE,SCHEDULED CASTE,1,ADILABAD,17,599,17,599,0,0,0,0,0,0
20.0 & ABOVE,SCHEDULED CASTE,2,NIZAMABAD,0,0,0,0,0,0,0,0,0,0
20.0 & ABOVE,SCHEDULED CASTE,3,KARIMNAGAR,8,200,8,200,0,0,0,0,0,0
20.0 & ABOVE,SCHEDULED CASTE,4,MEDAK,6,221,6,221,0,0,0,0,0,0
20.0 & ABOVE,SCHEDULED CASTE,5,RANGAREDDY,8,242,8,242,0,0,0,0,0,0
20.0 & ABOVE,SCHEDULED CASTE,6,MAHABUBNAGAR,18,660,18,660,0,0,0,0,0,0
20.0 & ABOVE,SCHEDULED CASTE,7,NALGONDA,3,89,3,89,0,0,0,0,0,0
20.0 & ABOVE,SCHEDULED CASTE,8,WARANGAL,36,1502,36,1502,0,0,0,0,0,0
20.0 & ABOVE,SCHEDULED CASTE,9,KHAMMAM,4,173,4,173,0,0,0,0,0,0
20.0 & ABOVE,SCHEDULED CASTE,10,SRIKAKULAM,1,43,1,43,0,0,0,0,0,0
20.0 & ABOVE,SCHEDULED CASTE,11,VIZIANAGARAM,0,0,0,0,0,0,0,0,0,0
20.0 & ABOVE,SCHEDULED CASTE,12,VISAKHAPATNAM,0,0,0,0,0,0,0,0,0,0
20.0 & ABOVE,SCHEDULED CASTE,13,EAST GODAVARI,2,41,2,41,0,0,0,0,0,0
20.0 & ABOVE,SCHEDULED CASTE,14,WEST GODAVARI,2,62,2,62,0,0,0,0,0,0
20.0 & ABOVE,SCHEDULED CASTE,15,KRISHNA,10,298,10,298,0,0,0,0,0,0
20.0 & ABOVE,SCHEDULED CASTE,16,GUNTUR,7,147,7,147,0,0,0,0,0,0
20.0 & ABOVE,SCHEDULED CASTE,17,PRAKASAM,6,183,6,183,0,0,0,0,0,0
20.0 & ABOVE,SCHEDULED CASTE,18,NELLORE,1,27,1,27,0,0,0,0,0,0
20.0 & ABOVE,SCHEDULED CASTE,19,KADAPA,1,24,1,24,0,0,0,0,0,0
20.0 & ABOVE,SCHEDULED CASTE,20,KURNOOL,9,351,9,351,0,0,0,0,0,0
20.0 & ABOVE,SCHEDULED CASTE,21,ANANTHAPUR,11,286,11,286,0,0,0,0,0,0
20.0 & ABOVE,SCHEDULED CASTE,22,CHITTOOR,9,314,9,314,0,0,0,0,0,0
20.0 & ABOVE,OTHERS,(1),(2),(3),(4),(5),(6),(7),(8),(9),(10),(11),(12)
20.0 & ABOVE,OTHERS,1,ADILABAD,234,8200,198,6856,4,91,32,1253,0,0
20.0 & ABOVE,OTHERS,2,NIZAMABAD,35,999,34,967,0,0,0,0,1,32
20.0 & ABOVE,OTHERS,3,KARIMNAGAR,131,4390,124,4112,0,0,7,278,0,0
20.0 & ABOVE,OTHERS,4,MEDAK,215,6419,204,6163,3,75,8,181,0,0
20.0 & ABOVE,OTHERS,5,RANGAREDDY,149,4313,149,4313,0,0,0,0,0,0
20.0 & ABOVE,OTHERS,6,MAHABUBNAGAR,341,10275,318,9304,0,0,23,971,0,0
20.0 & ABOVE,OTHERS,7,NALGONDA,159,5109,149,4858,5,132,5,119,0,0
20.0 & ABOVE,OTHERS,8,WARANGAL,287,9234,276,8884,0,0,11,350,0,0
20.0 & ABOVE,OTHERS,9,KHAMMAM,159,6578,150,6329,5,131,0,0,4,118
20.0 & ABOVE,OTHERS,10,SRIKAKULAM,57,2182,47,1833,10,349,0,0,0,0
20.0 & ABOVE,OTHERS,11,VIZIANAGARAM,79,2539,70,2326,7,174,2,39,0,0
20.0 & ABOVE,OTHERS,12,VISAKHAPATNAM,31,942,31,942,0,0,0,0,0,0
20.0 & ABOVE,OTHERS,13,EAST GODAVARI,64,1887,64,1887,0,0,0,0,0,0
20.0 & ABOVE,OTHERS,14,WEST GODAVARI,48,1659,48,1659,0,0,0,0,0,0
20.0 & ABOVE,OTHERS,15,KRISHNA,59,1884,57,1852,0,0,2,32,0,0
20.0 & ABOVE,OTHERS,16,GUNTUR,38,1206,38,1206,0,0,0,0,0,0
20.0 & ABOVE,OTHERS,17,PRAKASAM,151,4347,139,3946,8,300,4,102,0,0
20.0 & ABOVE,OTHERS,18,NELLORE,157,4883,137,4329,12,284,8,270,0,0
20.0 & ABOVE,OTHERS,19,KADAPA,43,1709,43,1709,0,0,0,0,0,0
20.0 & ABOVE,OTHERS,20,KURNOOL,235,8707,223,8373,12,333,0,0,0,0
20.0 & ABOVE,OTHERS,21,ANANTHAPUR,367,11401,362,11264,1,23,4,115,0,0
20.0 & ABOVE,OTHERS,22,CHITTOOR,123,3571,116,3388,4,108,0,0,3,76
20.0 & ABOVE,SCHEDULED TRIBES,(1),(2),(3),(4),(5),(6),(7),(8),(9),(10),(11),(12)
20.0 & ABOVE,SCHEDULED TRIBES,1,ADILABAD,93,2715,92,2682,0,0,1,33,0,0
20.0 & ABOVE,SCHEDULED TRIBES,2,NIZAMABAD,2,67,2,67,0,0,0,0,0,0
20.0 & ABOVE,SCHEDULED TRIBES,3,KARIMNAGAR,3,92,3,92,0,0,0,0,0,0
20.0 & ABOVE,SCHEDULED TRIBES,4,MEDAK,3,113,3,113,0,0,0,0,0,0
20.0 & ABOVE,SCHEDULED TRIBES,5,RANGAREDDY,8,253,8,253,0,0,0,0,0,0
20.0 & ABOVE,SCHEDULED TRIBES,6,MAHABUBNAGAR,16,622,16,622,0,0,0,0,0,0
20.0 & ABOVE,SCHEDULED TRIBES,7,NALGONDA,3,89,3,89,0,0,0,0,0,0
20.0 & ABOVE,SCHEDULED TRIBES,8,WARANGAL,23,627,23,627,0,0,0,0,0,0
20.0 & ABOVE,SCHEDULED TRIBES,9,KHAMMAM,37,999,36,961,0,0,0,0,1,37
20.0 & ABOVE,SCHEDULED TRIBES,10,SRIKAKULAM,1,21,1,21,0,0,0,0,0,0
20.0 & ABOVE,SCHEDULED TRIBES,11,VIZIANAGARAM,3,67,3,67,0,0,0,0,0,0
20.0 & ABOVE,SCHEDULED TRIBES,12,VISAKHAPATNAM,42,1049,42,1049,0,0,0,0,0,0
20.0 & ABOVE,SCHEDULED TRIBES,13,EAST GODAVARI,25,664,23,598,2,66,0,0,0,0
20.0 & ABOVE,SCHEDULED TRIBES,14,WEST GODAVARI,4,406,4,406,0,0,0,0,0,0
20.0 & ABOVE,SCHEDULED TRIBES,15,KRISHNA,0,0,0,0,0,0,0,0,0,0
20.0 & ABOVE,SCHEDULED TRIBES,16,GUNTUR,0,0,0,0,0,0,0,0,0,0
20.0 & ABOVE,SCHEDULED TRIBES,17,PRAKASAM,0,0,0,0,0,0,0,0,0,0
20.0 & ABOVE,SCHEDULED TRIBES,18,NELLORE,2,63,2,63,0,0,0,0,0,0
20.0 & ABOVE,SCHEDULED TRIBES,19,KADAPA,1,41,1,41,0,0,0,0,0,0
20.0 & ABOVE,SCHEDULED TRIBES,20,KURNOOL,2,58,2,58,0,0,0,0,0,0
20.0 & ABOVE,SCHEDULED TRIBES,21,ANANTHAPUR,4,103,3,81,0,0,1,22,0,0
20.0 & ABOVE,SCHEDULED TRIBES,22,CHITTOOR,0,0,0,0,0,0,0,0,0,0
20.0 & ABOVE,ALL SOCIAL GROUPS,(1),(2),(3),(4),(5),(6),(7),(8),(9),(10),(11),(12)
20.0 & ABOVE,ALL SOCIAL GROUPS,1,ADILABAD,350,11906,313,10530,4,91,33,1285,0,0
20.0 & ABOVE,ALL SOCIAL GROUPS,2,NIZAMABAD,47,1591,46,1559,0,0,0,0,1,32
20.0 & ABOVE,ALL SOCIAL GROUPS,3,KARIMNAGAR,146,4950,139,4672,0,0,7,278,0,0
20.0 & ABOVE,ALL SOCIAL GROUPS,4,MEDAK,240,8764,229,8508,3,75,8,181,0,0
20.0 & ABOVE,ALL SOCIAL GROUPS,5,RANGAREDDY,175,5127,175,5127,0,0,0,0,0,0
20.0 & ABOVE,ALL SOCIAL GROUPS,6,MAHABUBNAGAR,379,11934,356,10963,0,0,23,971,0,0
20.0 & ABOVE,ALL SOCIAL GROUPS,7,NALGONDA,195,7065,185,6814,5,132,5,119,0,0
20.0 & ABOVE,ALL SOCIAL GROUPS,8,WARANGAL,347,11428,336,11077,0,0,11,350,0,0
20.0 & ABOVE,ALL SOCIAL GROUPS,9,KHAMMAM,212,9260,202,8973,5,131,0,0,5,155
20.0 & ABOVE,ALL SOCIAL GROUPS,10,SRIKAKULAM,100,4395,90,4045,10,349,0,0,0,0
20.0 & ABOVE,ALL SOCIAL GROUPS,11,VIZIANAGARAM,99,3363,90,3150,7,174,2,39,0,0
20.0 & ABOVE,ALL SOCIAL GROUPS,12,VISAKHAPATNAM,83,2857,83,2857,0,0,0,0,0,0
20.0 & ABOVE,ALL SOCIAL GROUPS,13,EAST GODAVARI,134,4565,132,4499,2,66,0,0,0,0
20.0 & ABOVE,ALL SOCIAL GROUPS,14,WEST GODAVARI,80,3038,77,2919,0,0,0,0,3,119
20.0 & ABOVE,ALL SOCIAL GROUPS,15,KRISHNA,72,2274,70,2242,0,0,2,32,0,0
20.0 & ABOVE,ALL SOCIAL GROUPS,16,GUNTUR,117,5694,117,5694,0,0,0,0,0,0
20.0 & ABOVE,ALL SOCIAL GROUPS,17,PRAKASAM,188,5877,176,5475,8,300,4,102,0,0
20.0 & ABOVE,ALL SOCIAL GROUPS,18,NELLORE,238,9420,212,8611,12,284,13,456,1,69
20.0 & ABOVE,ALL SOCIAL GROUPS,19,KADAPA,50,2355,50,2355,0,0,0,0,0,0
20.0 & ABOVE,ALL SOCIAL GROUPS,20,KURNOOL,261,10470,249,10137,12,333,0,0,0,0
20.0 & ABOVE,ALL SOCIAL GROUPS,21,ANANTHAPUR,424,14504,417,14324,1,23,5,137,1,21
20.0 & ABOVE,ALL SOCIAL GROUPS,22,CHITTOOR,148,5839,140,5583,5,180,0,0,3,76
Below 0.5,SCHEDULED CASTE,(1),(2),(3),(4),(5),(6),(7),(8),(9),(10),(11),(12)
Below 0.5,SCHEDULED CASTE,1,ADILABAD,27860,7194,26669,6854,0,0,1191,340,0,0
Below 0.5,SCHEDULED CASTE,2,NIZAMABAD,32389,9171,30040,8461,115,39,2234,671,0,0
Below 0.5,SCHEDULED CASTE,3,KARIMNAGAR,53893,13581,51993,13066,18,7,1882,508,0,0
Below 0.5,SCHEDULED CASTE,4,MEDAK,54402,13355,52754,12927,82,27,1566,401,0,0
Below 0.5,SCHEDULED CASTE,5,RANGAREDDY,20453,5653,19706,5440,53,16,694,197,0,0
Below 0.5,SCHEDULED CASTE,6,MAHABUBNAGAR,52850,13806,50800,13241,30,8,2020,556,0,0
Below 0.5,SCHEDULED CASTE,7,NALGONDA,44621,11269,43619,10979,3,1,999,289,0,0
Below 0.5,SCHEDULED CASTE,8,WARANGAL,46586,11541,45433,11251,50,19,1103,271,0,0
Below 0.5,SCHEDULED CASTE,9,KHAMMAM,25926,6764,23768,6161,409,100,1749,502,0,0
Below 0.5,SCHEDULED CASTE,10,SRIKAKULAM,20820,4478,18687,4010,131,38,2002,429,0,0
Below 0.5,SCHEDULED CASTE,11,VIZIANAGARAM,14612,3369,13147,3002,67,23,1398,345,0,0
Below 0.5,SCHEDULED CASTE,12,VISAKHAPATNAM,6496,1686,6391,1655,9,3,96,28,0,0
Below 0.5,SCHEDULED CASTE,13,EAST GODAVARI,50970,10531,48108,9889,101,31,2761,611,0,0
Below 0.5,SCHEDULED CASTE,14,WEST GODAVARI,32978,8154,30188,7403,57,24,2733,728,0,0
Below 0.5,SCHEDULED CASTE,15,KRISHNA,34744,8463,31821,7663,62,23,2134,609,727,167
Below 0.5,SCHEDULED CASTE,16,GUNTUR,34152,9038,31943,8448,15,6,2194,584,0,0
Below 0.5,SCHEDULED CASTE,17,PRAKASAM,33565,9327,31179,8605,14,5,1992,605,380,111
Below 0.5,SCHEDULED CASTE,18,NELLORE,52898,13439,49638,12587,27,8,3135,813,98,30
Below 0.5,SCHEDULED CASTE,19,KADAPA,15238,4442,13758,4029,8,3,1365,367,107,43
Below 0.5,SCHEDULED CASTE,20,KURNOOL,21154,6841,18527,6003,9,4,2492,786,126,49
Below 0.5,SCHEDULED CASTE,21,ANANTHAPUR,15192,4823,14185,4523,6,2,918,267,83,31
Below 0.5,SCHEDULED CASTE,22,CHITTOOR,48943,12497,44377,11434,141,43,4336,1000,89,21
Below 0.5,OTHERS,(1),(2),(3),(4),(5),(6),(7),(8),(9),(10),(11),(12)
Below 0.5,OTHERS,1,ADILABAD,97929,25117,92582,23587,81,28,5266,1502,0,0
Below 0.5,OTHERS,2,NIZAMABAD,143661,38735,126843,34104,295,97,16523,4533,0,0
Below 0.5,OTHERS,3,KARIMNAGAR,212595,55466,205458,53486,82,27,7055,1953,0,0
Below 0.5,OTHERS,4,MEDAK,224181,54025,213240,51315,307,99,10634,2611,0,0
Below 0.5,OTHERS,5,RANGAREDDY,78342,22304,75643,21499,68,22,2631,783,0,0
Below 0.5,OTHERS,6,MAHABUBNAGAR,242235,61655,229903,58262,95,29,12237,3364,0,0
Below 0.5,OTHERS,7,NALGONDA,182175,49350,175329,47339,86,26,6760,1984,0,0
Below 0.5,OTHERS,8,WARANGAL,192585,47874,183211,45415,256,90,9118,2370,0,0
Below 0.5,OTHERS,9,KHAMMAM,92362,26551,84916,24260,191,66,7255,2225,0,0
Below 0.5,OTHERS,10,SRIKAKULAM,270668,63781,239170,56291,2753,947,28745,6543,0,0
Below 0.5,OTHERS,11,VIZIANAGARAM,213638,48037,192528,42841,1714,561,19396,4634,0,0
Below 0.5,OTHERS,12,VISAKHAPATNAM,219266,51993,206216,48940,890,284,12160,2769,0,0
Below 0.5,OTHERS,13,EAST GODAVARI,360241,89144,313810,77018,1152,417,45279,11708,0,0
Below 0.5,OTHERS,14,WEST GODAVARI,257762,69196,230948,61567,614,222,26166,7397,34,10
Below 0.5,OTHERS,15,KRISHNA,215688,61230,188684,53264,295,105,19473,5593,7236,2268
Below 0.5,OTHERS,16,GUNTUR,283640,84223,256099,75684,201,78,27340,8461,0,0
Below 0.5,OTHERS,17,PRAKASAM,175366,50662,149070,42930,117,49,18128,5170,8051,2512
Below 0.5,OTHERS,18,NELLORE,130240,34378,121273,31949,137,48,8416,2235,414,146
Below 0.5,OTHERS,19,KADAPA,105204,29988,93161,26498,122,47,11216,3201,705,242
Below 0.5,OTHERS,20,KURNOOL,99234,31717,85343,27555,69,27,13301,3950,521,185
Below 0.5,OTHERS,21,ANANTHAPUR,88872,27405,82343,25265,46,19,6029,1952,454,169
Below 0.5,OTHERS,22,CHITTOOR,222355,57027,206530,52977,312,107,14755,3693,758,251
Below 0.5,SCHEDULED TRIBES,(1),(2),(3),(4),(5),(6),(7),(8),(9),(10),(11),(12)
Below 0.5,SCHEDULED TRIBES,1,ADILABAD,18221,5142,17152,4818,4,1,1065,323,0,0
Below 0.5,SCHEDULED TRIBES,2,NIZAMABAD,13086,4026,11772,3617,7,3,1307,406,0,0
Below 0.5,SCHEDULED TRIBES,3,KARIMNAGAR,7879,2178,7512,2088,0,0,367,90,0,0
Below 0.5,SCHEDULED TRIBES,4,MEDAK,10735,3088,9860,2842,20,7,855,239,0,0
Below 0.5,SCHEDULED TRIBES,5,RANGAREDDY,8541,2593,8362,2543,0,0,179,50,0,0
Below 0.5,SCHEDULED TRIBES,6,MAHABUBNAGAR,29640,8141,28359,7792,14,4,1267,346,0,0
Below 0.5,SCHEDULED TRIBES,7,NALGONDA,29377,8601,28283,8281,4,1,1090,319,0,0
Below 0.5,SCHEDULED TRIBES,8,WARANGAL,41606,11120,39182,10534,73,22,2351,563,0,0
Below 0.5,SCHEDULED TRIBES,9,KHAMMAM,51817,15218,50300,14743,87,37,1367,418,63,19
Below 0.5,SCHEDULED TRIBES,10,SRIKAKULAM,17337,4479,16882,4376,28,12,427,92,0,0
Below 0.5,SCHEDULED TRIBES,11,VIZIANAGARAM,16594,4372,15335,4020,97,35,1162,317,0,0
Below 0.5,SCHEDULED TRIBES,12,VISAKHAPATNAM,29040,7853,28291,7620,36,12,713,220,0,0
Below 0.5,SCHEDULED TRIBES,13,EAST GODAVARI,10200,2756,9215,2482,30,11,719,198,236,65
Below 0.5,SCHEDULED TRIBES,14,WEST GODAVARI,8225,2367,7286,2089,0,0,825,249,114,29
Below 0.5,SCHEDULED TRIBES,15,KRISHNA,6829,1945,6124,1735,14,6,594,178,97,26
Below 0.5,SCHEDULED TRIBES,16,GUNTUR,8164,2447,7261,2181,21,10,882,256,0,0
Below 0.5,SCHEDULED TRIBES,17,PRAKASAM,5743,1724,4655,1402,0,0,279,85,809,237
Below 0.5,SCHEDULED TRIBES,18,NELLORE,15233,4040,14545,3877,0,0,661,152,27,11
Below 0.5,SCHEDULED TRIBES,19,KADAPA,2865,833,2705,788,0,0,160,45,0,0
Below 0.5,SCHEDULED TRIBES,20,KURNOOL,2865,921,2675,868,0,0,190,53,0,0
Below 0.5,SCHEDULED TRIBES,21,ANANTHAPUR,4431,1429,3708,1213,0,0,709,211,14,5
Below 0.5,SCHEDULED TRIBES,22,CHITTOOR,7092,2022,6803,1957,0,0,287,64,2,1
Below 0.5,ALL SOCIAL GROUPS,(1),(2),(3),(4),(5),(6),(7),(8),(9),(10),(11),(12)
Below 0.5,ALL SOCIAL GROUPS,1,ADILABAD,144024,37457,136417,35263,85,29,7522,2165,0,0
Below 0.5,ALL SOCIAL GROUPS,2,NIZAMABAD,189151,51936,168670,46187,417,139,20064,5610,0,0
Below 0.5,ALL SOCIAL GROUPS,3,KARIMNAGAR,274368,71226,264964,68640,100,34,9304,2552,0,0
Below 0.5,ALL SOCIAL GROUPS,4,MEDAK,289341,70477,275875,67092,409,133,13057,3252,0,0
Below 0.5,ALL SOCIAL GROUPS,5,RANGAREDDY,107339,30551,103714,29483,121,37,3504,1031,0,0
Below 0.5,ALL SOCIAL GROUPS,6,MAHABUBNAGAR,324726,83602,309063,79295,139,41,15524,4266,0,0
Below 0.5,ALL SOCIAL GROUPS,7,NALGONDA,256198,69226,247256,66605,93,29,8849,2592,0,0
Below 0.5,ALL SOCIAL GROUPS,8,WARANGAL,280779,70536,267828,67201,379,131,12572,3204,0,0
Below 0.5,ALL SOCIAL GROUPS,9,KHAMMAM,170114,48535,158992,45167,687,203,10372,3146,63,19
Below 0.5,ALL SOCIAL GROUPS,10,SRIKAKULAM,308866,72753,274780,64693,2912,997,31174,7064,0,0
Below 0.5,ALL SOCIAL GROUPS,11,VIZIANAGARAM,244848,55780,221014,49865,1878,619,21956,5295,0,0
Below 0.5,ALL SOCIAL GROUPS,12,VISAKHAPATNAM,254854,61546,240950,58229,935,299,12969,3018,0,0
Below 0.5,ALL SOCIAL GROUPS,13,EAST GODAVARI,421667,102491,371370,89447,1283,459,48778,12520,236,65
Below 0.5,ALL SOCIAL GROUPS,14,WEST GODAVARI,299108,79758,268557,71097,671,246,29729,8375,151,40
Below 0.5,ALL SOCIAL GROUPS,15,KRISHNA,257268,71639,226636,62663,371,134,22201,6381,8060,2460
Below 0.5,ALL SOCIAL GROUPS,16,GUNTUR,325972,95713,295319,86317,237,94,30416,9301,0,0
Below 0.5,ALL SOCIAL GROUPS,17,PRAKASAM,214682,61716,184912,52940,131,54,20399,5861,9240,2861
Below 0.5,ALL SOCIAL GROUPS,18,NELLORE,198408,51866,185493,48422,164,56,12212,3201,539,188
Below 0.5,ALL SOCIAL GROUPS,19,KADAPA,123309,35264,109626,31315,130,50,12741,3614,812,285
Below 0.5,ALL SOCIAL GROUPS,20,KURNOOL,123253,39479,106545,34426,78,30,15983,4789,647,233
Below 0.5,ALL SOCIAL GROUPS,21,ANANTHAPUR,108569,33680,100310,31023,52,21,7656,2430,551,205
Below 0.5,ALL SOCIAL GROUPS,22,CHITTOOR,278390,71547,257710,66368,453,150,19378,4756,849,272
1.0-2.0,SCHEDULED CASTE,(1),(2),(3),(4),(5),(6),(7),(8),(9),(10),(11),(12)
1.0-2.0,SCHEDULED CASTE,1,ADILABAD,18917,26616,17552,24706,45,59,1320,1851,0,0
1.0-2.0,SCHEDULED CASTE,2,NIZAMABAD,10813,14520,10083,13544,185,247,545,728,0,0
1.0-2.0,SCHEDULED CASTE,3,KARIMNAGAR,13973,18940,13453,18231,34,48,486,661,0,0
1.0-2.0,SCHEDULED CASTE,4,MEDAK,18593,25236,18061,24552,145,192,387,492,0,0
1.0-2.0,SCHEDULED CASTE,5,RANGAREDDY,12105,16722,11704,16174,67,103,334,444,0,0
1.0-2.0,SCHEDULED CASTE,6,MAHABUBNAGAR,27944,39005,26387,36852,81,111,1476,2041,0,0
1.0-2.0,SCHEDULED CASTE,7,NALGONDA,14990,20554,14553,19961,81,114,356,478,0,0
1.0-2.0,SCHEDULED CASTE,8,WARANGAL,11507,15694,11201,15315,71,94,235,285,0,0
1.0-2.0,SCHEDULED CASTE,9,KHAMMAM,5748,7799,5010,6804,301,405,437,590,0,0
1.0-2.0,SCHEDULED CASTE,10,SRIKAKULAM,1542,2017,1421,1857,65,83,56,78,0,0
1.0-2.0,SCHEDULED CASTE,11,VIZIANAGARAM,2076,2796,1908,2567,81,115,87,114,0,0
1.0-2.0,SCHEDULED CASTE,12,VISAKHAPATNAM,1129,1543,1097,1499,11,16,21,28,0,0
1.0-2.0,SCHEDULED CASTE,13,EAST GODAVARI,2743,3682,2577,3451,50,65,116,166,0,0
1.0-2.0,SCHEDULED CASTE,14,WEST GODAVARI,4469,6090,3449,4699,130,174,890,1217,0,0
1.0-2.0,SCHEDULED CASTE,15,KRISHNA,4422,5951,3960,5334,86,119,341,448,35,49
1.0-2.0,SCHEDULED CASTE,16,GUNTUR,5376,7211,5017,6737,103,144,256,330,0,0
1.0-2.0,SCHEDULED CASTE,17,PRAKASAM,15758,22123,14794,20720,160,249,770,1110,34,45
1.0-2.0,SCHEDULED CASTE,18,NELLORE,11591,15537,11064,14780,135,206,318,441,74,109
1.0-2.0,SCHEDULED CASTE,19,KADAPA,7920,11068,6951,9665,80,124,880,1261,9,18
1.0-2.0,SCHEDULED CASTE,20,KURNOOL,20608,28737,18690,26097,226,329,1639,2239,53,71
1.0-2.0,SCHEDULED CASTE,21,ANANTHAPUR,22432,32555,20978,30494,139,182,1267,1815,48,64
1.0-2.0,SCHEDULED CASTE,22,CHITTOOR,13019,17902,12245,16847,90,127,668,910,16,18
1.0-2.0,OTHERS,(1),(2),(3),(4),(5),(6),(7),(8),(9),(10),(11),(12)
1.0-2.0,OTHERS,1,ADILABAD,90217,129447,83925,120492,283,424,6009,8531,0,0
1.0-2.0,OTHERS,2,NIZAMABAD,91437,128017,82584,115680,1052,1563,7801,10774,0,0
1.0-2.0,OTHERS,3,KARIMNAGAR,126752,178297,121707,171163,352,543,4693,6590,0,0
1.0-2.0,OTHERS,4,MEDAK,120377,168747,113878,159620,856,1242,5643,7885,0,0
1.0-2.0,OTHERS,5,RANGAREDDY,67816,95571,65220,91886,315,471,2281,3214,0,0
1.0-2.0,OTHERS,6,MAHABUBNAGAR,197502,282862,182122,260763,874,1288,14506,20811,0,0
1.0-2.0,OTHERS,7,NALGONDA,155305,220963,146162,207827,714,1080,8429,12056,0,0
1.0-2.0,OTHERS,8,WARANGAL,105740,148796,100913,142017,579,803,4248,5975,0,0
1.0-2.0,OTHERS,9,KHAMMAM,62730,87930,56976,79831,1165,1679,4589,6420,0,0
1.0-2.0,OTHERS,10,SRIKAKULAM,62857,86492,54264,74567,5272,7496,3321,4429,0,0
1.0-2.0,OTHERS,11,VIZIANAGARAM,57096,79057,48061,66504,4150,5929,4885,6624,0,0
1.0-2.0,OTHERS,12,VISAKHAPATNAM,41078,55861,37640,51196,1469,2009,1969,2657,0,0
1.0-2.0,OTHERS,13,EAST GODAVARI,72592,99582,62247,85297,2131,3121,8214,11164,0,0
1.0-2.0,OTHERS,14,WEST GODAVARI,78380,108878,66604,92595,1564,2242,8909,12221,1303,1820
1.0-2.0,OTHERS,15,KRISHNA,91402,127884,78641,110035,1725,2503,9145,12672,1891,2674
1.0-2.0,OTHERS,16,GUNTUR,140692,195277,127427,177164,1931,2793,11334,15320,0,0
1.0-2.0,OTHERS,17,PRAKASAM,151097,215873,137092,195746,2323,3528,11675,16589,7,10
1.0-2.0,OTHERS,18,NELLORE,77841,109836,72715,102524,520,763,4457,6318,149,231
1.0-2.0,OTHERS,19,KADAPA,113575,163190,101419,145770,1097,1610,10454,14933,605,876
1.0-2.0,OTHERS,20,KURNOOL,163417,233865,145142,208043,1508,2282,15793,22131,974,1409
1.0-2.0,OTHERS,21,ANANTHAPUR,209985,309988,189002,279384,1181,1757,18389,26793,1413,2055
1.0-2.0,OTHERS,22,CHITTOOR,128363,181152,119357,168356,1371,2012,7085,9963,550,821
1.0-2.0,SCHEDULED TRIBES,(1),(2),(3),(4),(5),(6),(7),(8),(9),(10),(11),(12)
1.0-2.0,SCHEDULED TRIBES,1,ADILABAD,34794,49802,32975,47255,45,61,1774,2487,0,0
1.0-2.0,SCHEDULED TRIBES,2,NIZAMABAD,10578,14239,9860,13281,49,69,669,889,0,0
1.0-2.0,SCHEDULED TRIBES,3,KARIMNAGAR,4278,5858,4140,5679,3,3,135,176,0,0
1.0-2.0,SCHEDULED TRIBES,4,MEDAK,9878,13656,9539,13210,76,95,263,351,0,0
1.0-2.0,SCHEDULED TRIBES,5,RANGAREDDY,8025,11053,7933,10947,3,6,89,101,0,0
1.0-2.0,SCHEDULED TRIBES,6,MAHABUBNAGAR,23940,33489,22689,31701,115,173,1136,1615,0,0
1.0-2.0,SCHEDULED TRIBES,7,NALGONDA,21197,29224,20467,28219,61,91,669,914,0,0
1.0-2.0,SCHEDULED TRIBES,8,WARANGAL,24633,33921,23430,32260,147,200,1056,1461,0,0
1.0-2.0,SCHEDULED TRIBES,9,KHAMMAM,37471,52243,35902,50043,479,668,1019,1438,71,94
1.0-2.0,SCHEDULED TRIBES,10,SRIKAKULAM,6389,8584,6156,8278,114,150,119,156,0,0
1.0-2.0,SCHEDULED TRIBES,11,VIZIANAGARAM,8020,11019,7560,10366,215,322,245,330,0,0
1.0-2.0,SCHEDULED TRIBES,12,VISAKHAPATNAM,26679,37972,25923,36925,211,326,545,721,0,0
1.0-2.0,SCHEDULED TRIBES,13,EAST GODAVARI,11213,16283,10716,15585,117,173,322,446,58,79
1.0-2.0,SCHEDULED TRIBES,14,WEST GODAVARI,4306,6112,3963,5639,56,71,269,379,18,23
1.0-2.0,SCHEDULED TRIBES,15,KRISHNA,1874,2640,1622,2291,53,76,134,195,65,79
1.0-2.0,SCHEDULED TRIBES,16,GUNTUR,4635,6306,4381,5988,0,0,254,318,0,0
1.0-2.0,SCHEDULED TRIBES,17,PRAKASAM,3211,4500,3002,4210,30,41,177,246,2,2
1.0-2.0,SCHEDULED TRIBES,18,NELLORE,2678,3559,2317,3072,73,97,260,352,28,38
1.0-2.0,SCHEDULED TRIBES,19,KADAPA,1974,2727,1854,2561,5,6,110,150,5,9
1.0-2.0,SCHEDULED TRIBES,20,KURNOOL,3671,5116,3351,4663,74,95,246,357,0,0
1.0-2.0,SCHEDULED TRIBES,21,ANANTHAPUR,11031,16178,9755,14329,0,0,1266,1833,10,15
1.0-2.0,SCHEDULED TRIBES,22,CHITTOOR,3044,4243,2849,3969,23,37,172,237,0,0
1.0-2.0,ALL SOCIAL GROUPS,(1),(2),(3),(4),(5),(6),(7),(8),(9),(10),(11),(12)
1.0-2.0,ALL SOCIAL GROUPS,1,ADILABAD,143934,205874,134458,192461,373,544,9103,12869,0,0
1.0-2.0,ALL SOCIAL GROUPS,2,NIZAMABAD,112836,156787,102535,142517,1286,1879,9015,12392,0,0
1.0-2.0,ALL SOCIAL GROUPS,3,KARIMNAGAR,145008,203103,139305,195083,389,594,5314,7427,0,0
1.0-2.0,ALL SOCIAL GROUPS,4,MEDAK,148880,207685,141510,197428,1077,1530,6293,8727,0,0
1.0-2.0,ALL SOCIAL GROUPS,5,RANGAREDDY,87956,123362,84867,119023,385,580,2704,3759,0,0
1.0-2.0,ALL SOCIAL GROUPS,6,MAHABUBNAGAR,249386,355356,231198,329316,1070,1572,17118,24467,0,0
1.0-2.0,ALL SOCIAL GROUPS,7,NALGONDA,191508,270762,181198,256029,856,1284,9454,13449,0,0
1.0-2.0,ALL SOCIAL GROUPS,8,WARANGAL,141881,198412,135545,189593,797,1097,5539,7722,0,0
1.0-2.0,ALL SOCIAL GROUPS,9,KHAMMAM,105973,148011,97912,136716,1945,2751,6045,8449,71,94
1.0-2.0,ALL SOCIAL GROUPS,10,SRIKAKULAM,70894,97255,61947,84864,5451,7729,3496,4662,0,0
1.0-2.0,ALL SOCIAL GROUPS,11,VIZIANAGARAM,67198,92882,57535,79448,4446,6366,5217,7068,0,0
1.0-2.0,ALL SOCIAL GROUPS,12,VISAKHAPATNAM,68929,95438,64703,89682,1691,2351,2535,3405,0,0
1.0-2.0,ALL SOCIAL GROUPS,13,EAST GODAVARI,86674,119731,75658,104505,2304,3368,8654,11779,58,79
1.0-2.0,ALL SOCIAL GROUPS,14,WEST GODAVARI,87299,121288,74150,103127,1750,2487,10073,13824,1326,1850
1.0-2.0,ALL SOCIAL GROUPS,15,KRISHNA,97699,136477,84224,117662,1864,2697,9620,13315,1991,2802
1.0-2.0,ALL SOCIAL GROUPS,16,GUNTUR,150845,209008,136966,190102,2034,2937,11845,15969,0,0
1.0-2.0,ALL SOCIAL GROUPS,17,PRAKASAM,170081,242517,154903,220697,2513,3818,12622,17946,43,57
1.0-2.0,ALL SOCIAL GROUPS,18,NELLORE,92262,129146,86247,120588,728,1066,5035,7111,252,381
1.0-2.0,ALL SOCIAL GROUPS,19,KADAPA,123474,176991,110229,158003,1182,1740,11444,16345,619,904
1.0-2.0,ALL SOCIAL GROUPS,20,KURNOOL,187698,267721,167185,238806,1808,2706,17678,24728,1027,1481
1.0-2.0,ALL SOCIAL GROUPS,21,ANANTHAPUR,243528,358835,219815,324321,1320,1939,20922,30441,1471,2134
1.0-2.0,ALL SOCIAL GROUPS,22,CHITTOOR,144431,203304,134456,189179,1484,2176,7925,11110,566,840
0.5-1.0,SCHEDULED CASTE,(1),(2),(3),(4),(5),(6),(7),(8),(9),(10),(11),(12)
0.5-1.0,SCHEDULED CASTE,1,ADILABAD,20153,14918,19065,14117,47,37,1041,764,0,0
0.5-1.0,SCHEDULED CASTE,2,NIZAMABAD,17068,12321,16066,11588,120,98,882,635,0,0
0.5-1.0,SCHEDULED CASTE,3,KARIMNAGAR,24933,17882,23704,17011,56,41,1173,829,0,0
0.5-1.0,SCHEDULED CASTE,4,MEDAK,29765,21406,28768,20709,112,79,885,618,0,0
0.5-1.0,SCHEDULED CASTE,5,RANGAREDDY,15700,11485,15028,11016,88,68,584,402,0,0
0.5-1.0,SCHEDULED CASTE,6,MAHABUBNAGAR,36601,26911,34747,25515,112,93,1742,1303,0,0
0.5-1.0,SCHEDULED CASTE,7,NALGONDA,22607,16367,21941,15879,38,27,628,460,0,0
0.5-1.0,SCHEDULED CASTE,8,WARANGAL,19501,14029,18936,13629,53,39,512,361,0,0
0.5-1.0,SCHEDULED CASTE,9,KHAMMAM,10427,7394,9519,6750,275,211,633,434,0,0
0.5-1.0,SCHEDULED CASTE,10,SRIKAKULAM,4918,3485,4298,3047,233,171,387,267,0,0
0.5-1.0,SCHEDULED CASTE,11,VIZIANAGARAM,4555,3232,3996,2818,98,72,461,342,0,0
0.5-1.0,SCHEDULED CASTE,12,VISAKHAPATNAM,2486,1767,2458,1747,11,7,17,12,0,0
0.5-1.0,SCHEDULED CASTE,13,EAST GODAVARI,7709,5298,7182,4967,58,43,469,288,0,0
0.5-1.0,SCHEDULED CASTE,14,WEST GODAVARI,9241,6521,7874,5551,190,133,1177,837,0,0
0.5-1.0,SCHEDULED CASTE,15,KRISHNA,10098,7219,8854,6325,239,183,767,554,238,157
0.5-1.0,SCHEDULED CASTE,16,GUNTUR,11833,8364,11098,7847,42,31,693,486,0,0
0.5-1.0,SCHEDULED CASTE,17,PRAKASAM,17155,12552,15980,11690,137,109,970,697,68,56
0.5-1.0,SCHEDULED CASTE,18,NELLORE,21085,15125,20361,14607,52,39,672,479,0,0
0.5-1.0,SCHEDULED CASTE,19,KADAPA,13934,9722,11757,8247,73,52,1985,1339,119,84
0.5-1.0,SCHEDULED CASTE,20,KURNOOL,24489,17972,21716,15950,64,51,2585,1878,124,93
0.5-1.0,SCHEDULED CASTE,21,ANANTHAPUR,20868,15585,19446,14530,49,41,1288,955,85,59
0.5-1.0,SCHEDULED CASTE,22,CHITTOOR,24132,17015,22332,15778,137,90,1643,1133,20,14
0.5-1.0,OTHERS,(1),(2),(3),(4),(5),(6),(7),(8),(9),(10),(11),(12)
0.5-1.0,OTHERS,1,ADILABAD,72023,53527,67050,49815,193,146,4780,3567,0,0
0.5-1.0,OTHERS,2,NIZAMABAD,100012,73369,89416,65522,1013,776,9583,7071,0,0
0.5-1.0,OTHERS,3,KARIMNAGAR,141990,103955,136356,99758,150,112,5484,4085,0,0
0.5-1.0,OTHERS,4,MEDAK,135166,98632,127975,93434,665,498,6526,4700,0,0
0.5-1.0,OTHERS,5,RANGAREDDY,67843,49989,65012,47895,91,65,2740,2028,0,0
0.5-1.0,OTHERS,6,MAHABUBNAGAR,182361,135716,169495,125971,458,358,12408,9387,0,0
0.5-1.0,OTHERS,7,NALGONDA,141523,104638,134858,99643,370,288,6295,4708,0,0
0.5-1.0,OTHERS,8,WARANGAL,114852,84366,109154,80230,421,309,5277,3827,0,0
0.5-1.0,OTHERS,9,KHAMMAM,68872,50509,63077,46253,534,401,5261,3856,0,0
0.5-1.0,OTHERS,10,SRIKAKULAM,103322,73699,90777,64726,4903,3600,7642,5373,0,0
0.5-1.0,OTHERS,11,VIZIANAGARAM,85621,61482,74174,53189,3148,2350,8299,5944,0,0
0.5-1.0,OTHERS,12,VISAKHAPATNAM,78967,55448,74147,52109,1064,748,3756,2591,0,0
0.5-1.0,OTHERS,13,EAST GODAVARI,124563,89313,107871,77380,1242,922,15450,11011,0,0
0.5-1.0,OTHERS,14,WEST GODAVARI,115321,83353,100738,72729,1462,1106,12477,9024,644,493
0.5-1.0,OTHERS,15,KRISHNA,125883,92052,112259,82112,897,684,12219,8870,508,386
0.5-1.0,OTHERS,16,GUNTUR,192300,139401,173690,125957,1132,875,17478,12570,0,0
0.5-1.0,OTHERS,17,PRAKASAM,143493,105187,122293,89633,1030,790,14967,10822,5203,3943
0.5-1.0,OTHERS,18,NELLORE,83045,60790,77231,56533,379,297,4929,3561,506,399
0.5-1.0,OTHERS,19,KADAPA,101477,73988,89623,65372,482,371,10328,7517,1044,729
0.5-1.0,OTHERS,20,KURNOOL,131200,98126,116691,87252,281,243,13807,10293,421,337
0.5-1.0,OTHERS,21,ANANTHAPUR,122632,92710,110336,83390,443,342,11258,8512,595,466
0.5-1.0,OTHERS,22,CHITTOOR,147706,106925,138395,100177,608,466,8487,6117,216,165
0.5-1.0,SCHEDULED TRIBES,(1),(2),(3),(4),(5),(6),(7),(8),(9),(10),(11),(12)
0.5-1.0,SCHEDULED TRIBES,1,ADILABAD,22965,17300,21881,16470,6,6,1078,824,0,0
0.5-1.0,SCHEDULED TRIBES,2,NIZAMABAD,13195,9767,12302,9117,14,9,879,641,0,0
0.5-1.0,SCHEDULED TRIBES,3,KARIMNAGAR,5744,4193,5664,4137,20,14,60,42,0,0
0.5-1.0,SCHEDULED TRIBES,4,MEDAK,10803,7950,10112,7436,53,41,638,473,0,0
0.5-1.0,SCHEDULED TRIBES,5,RANGAREDDY,9061,6712,8904,6602,3,3,154,107,0,0
0.5-1.0,SCHEDULED TRIBES,6,MAHABUBNAGAR,25444,18841,24060,17798,77,50,1307,992,0,0
0.5-1.0,SCHEDULED TRIBES,7,NALGONDA,24934,18315,24061,17650,60,44,813,622,0,0
0.5-1.0,SCHEDULED TRIBES,8,WARANGAL,29754,21999,27974,20671,235,186,1545,1142,0,0
0.5-1.0,SCHEDULED TRIBES,9,KHAMMAM,41686,30697,39730,29262,397,296,1521,1113,38,25
0.5-1.0,SCHEDULED TRIBES,10,SRIKAKULAM,10287,7526,10015,7330,120,87,152,109,0,0
0.5-1.0,SCHEDULED TRIBES,11,VIZIANAGARAM,10397,7579,9717,7096,150,113,525,368,5,3
0.5-1.0,SCHEDULED TRIBES,12,VISAKHAPATNAM,24516,18132,23697,17539,115,88,704,505,0,0
0.5-1.0,SCHEDULED TRIBES,13,EAST GODAVARI,8431,6303,7655,5723,117,98,564,415,95,66
0.5-1.0,SCHEDULED TRIBES,14,WEST GODAVARI,4933,3626,4478,3291,10,8,400,294,45,32
0.5-1.0,SCHEDULED TRIBES,15,KRISHNA,3163,2316,2771,2039,12,8,314,217,66,51
0.5-1.0,SCHEDULED TRIBES,16,GUNTUR,6342,4639,5878,4317,18,11,446,310,0,0
0.5-1.0,SCHEDULED TRIBES,17,PRAKASAM,3597,2622,3362,2457,7,7,140,99,88,60
0.5-1.0,SCHEDULED TRIBES,18,NELLORE,5970,4296,5651,4066,22,19,283,203,14,9
0.5-1.0,SCHEDULED TRIBES,19,KADAPA,3000,2097,2820,1971,0,0,180,126,0,0
0.5-1.0,SCHEDULED TRIBES,20,KURNOOL,3460,2576,3289,2450,0,0,171,126,0,0
0.5-1.0,SCHEDULED TRIBES,21,ANANTHAPUR,6801,5173,6029,4573,63,45,702,550,7,5
0.5-1.0,SCHEDULED TRIBES,22,CHITTOOR,4960,3521,4808,3410,16,14,134,96,2,2
0.5-1.0,ALL SOCIAL GROUPS,(1),(2),(3),(4),(5),(6),(7),(8),(9),(10),(11),(12)
0.5-1.0,ALL SOCIAL GROUPS,1,ADILABAD,115153,85754,108008,80410,246,188,6899,5155,0,0
0.5-1.0,ALL SOCIAL GROUPS,2,NIZAMABAD,130280,95460,117789,86231,1147,883,11344,8346,0,0
0.5-1.0,ALL SOCIAL GROUPS,3,KARIMNAGAR,172669,126030,165726,120907,226,168,6717,4956,0,0
0.5-1.0,ALL SOCIAL GROUPS,4,MEDAK,175759,128007,166880,121597,830,619,8049,5791,0,0
0.5-1.0,ALL SOCIAL GROUPS,5,RANGAREDDY,92608,68189,88948,65515,182,136,3478,2537,0,0
0.5-1.0,ALL SOCIAL GROUPS,6,MAHABUBNAGAR,244407,181468,228303,169284,647,502,15457,11682,0,0
0.5-1.0,ALL SOCIAL GROUPS,7,NALGONDA,189071,139326,180867,133177,468,358,7736,5790,0,0
0.5-1.0,ALL SOCIAL GROUPS,8,WARANGAL,164108,120394,156065,114530,709,534,7334,5329,0,0
0.5-1.0,ALL SOCIAL GROUPS,9,KHAMMAM,120992,88605,112333,82270,1206,908,7415,5402,38,25
0.5-1.0,ALL SOCIAL GROUPS,10,SRIKAKULAM,118571,84742,105134,75135,5256,3858,8181,5749,0,0
0.5-1.0,ALL SOCIAL GROUPS,11,VIZIANAGARAM,100576,72296,87890,63105,3396,2535,9285,6653,5,3
0.5-1.0,ALL SOCIAL GROUPS,12,VISAKHAPATNAM,105990,75362,100323,71411,1190,843,4477,3108,0,0
0.5-1.0,ALL SOCIAL GROUPS,13,EAST GODAVARI,140848,101019,122853,88175,1417,1063,16483,11715,95,66
0.5-1.0,ALL SOCIAL GROUPS,14,WEST GODAVARI,129591,93569,113179,81636,1662,1248,14061,10160,689,525
0.5-1.0,ALL SOCIAL GROUPS,15,KRISHNA,139148,101590,123888,90479,1148,875,13300,9642,812,594
0.5-1.0,ALL SOCIAL GROUPS,16,GUNTUR,210486,152412,190676,138128,1192,917,18618,13367,0,0
0.5-1.0,ALL SOCIAL GROUPS,17,PRAKASAM,164258,120371,141648,103789,1174,906,16077,11617,5359,4059
0.5-1.0,ALL SOCIAL GROUPS,18,NELLORE,110204,80288,103347,75282,453,355,5884,4243,520,408
0.5-1.0,ALL SOCIAL GROUPS,19,KADAPA,118412,85808,104201,75590,555,422,12493,8983,1163,813
0.5-1.0,ALL SOCIAL GROUPS,20,KURNOOL,159152,118677,141699,105654,345,295,16563,12298,545,431
0.5-1.0,ALL SOCIAL GROUPS,21,ANANTHAPUR,150381,113525,135891,102550,555,429,13248,10017,687,530
0.5-1.0,ALL SOCIAL GROUPS,22,CHITTOOR,176800,127463,165537,119367,761,570,10264,7346,238,180
3.0-4.0,SCHEDULED CASTE,(1),(2),(3),(4),(5),(6),(7),(8),(9),(10),(11),(12)
3.0-4.0,SCHEDULED CASTE,1,ADILABAD,2165,7452,2000,6895,0,0,165,556,0,0
3.0-4.0,SCHEDULED CASTE,2,NIZAMABAD,364,1231,339,1153,0,0,25,78,0,0
3.0-4.0,SCHEDULED CASTE,3,KARIMNAGAR,640,2183,620,2117,8,26,12,39,0,0
3.0-4.0,SCHEDULED CASTE,4,MEDAK,772,2623,753,2561,7,22,12,39,0,0
3.0-4.0,SCHEDULED CASTE,5,RANGAREDDY,903,3069,881,2997,0,0,22,72,0,0
3.0-4.0,SCHEDULED CASTE,6,MAHABUBNAGAR,1995,6818,1902,6499,3,12,90,307,0,0
3.0-4.0,SCHEDULED CASTE,7,NALGONDA,847,2895,794,2716,17,58,36,121,0,0
3.0-4.0,SCHEDULED CASTE,8,WARANGAL,762,2631,740,2557,9,31,13,43,0,0
3.0-4.0,SCHEDULED CASTE,9,KHAMMAM,374,1281,344,1183,11,36,19,63,0,0
3.0-4.0,SCHEDULED CASTE,10,SRIKAKULAM,31,104,30,101,0,0,1,3,0,0
3.0-4.0,SCHEDULED CASTE,11,VIZIANAGARAM,130,456,122,428,0,0,8,28,0,0
3.0-4.0,SCHEDULED CASTE,12,VISAKHAPATNAM,51,172,51,172,0,0,0,0,0,0
3.0-4.0,SCHEDULED CASTE,13,EAST GODAVARI,188,644,186,637,0,0,2,7,0,0
3.0-4.0,SCHEDULED CASTE,14,WEST GODAVARI,258,884,245,839,0,0,13,45,0,0
3.0-4.0,SCHEDULED CASTE,15,KRISHNA,277,955,253,876,9,32,13,41,2,6
3.0-4.0,SCHEDULED CASTE,16,GUNTUR,369,1254,358,1217,3,10,8,27,0,0
3.0-4.0,SCHEDULED CASTE,17,PRAKASAM,949,3262,912,3138,4,13,24,81,9,29
3.0-4.0,SCHEDULED CASTE,18,NELLORE,468,1608,439,1512,17,58,10,33,2,5
3.0-4.0,SCHEDULED CASTE,19,KADAPA,227,760,214,717,6,21,7,22,0,0
3.0-4.0,SCHEDULED CASTE,20,KURNOOL,1843,6295,1537,5246,143,499,153,511,10,38
3.0-4.0,SCHEDULED CASTE,21,ANANTHAPUR,1417,4809,1376,4670,6,19,35,120,0,0
3.0-4.0,SCHEDULED CASTE,22,CHITTOOR,405,1371,387,1311,12,39,6,21,0,0
3.0-4.0,OTHERS,(1),(2),(3),(4),(5),(6),(7),(8),(9),(10),(11),(12)
3.0-4.0,OTHERS,1,ADILABAD,12509,43031,11631,39989,143,495,735,2547,0,0
3.0-4.0,OTHERS,2,NIZAMABAD,7170,24558,6429,22019,327,1121,414,1418,0,0
3.0-4.0,OTHERS,3,KARIMNAGAR,12715,43588,12206,41848,72,251,437,1490,0,0
3.0-4.0,OTHERS,4,MEDAK,12057,41421,11271,38717,253,882,533,1823,0,0
3.0-4.0,OTHERS,5,RANGAREDDY,9231,31738,8979,30885,75,248,177,604,0,0
3.0-4.0,OTHERS,6,MAHABUBNAGAR,26664,91602,24758,85077,328,1117,1578,5409,0,0
3.0-4.0,OTHERS,7,NALGONDA,22037,75742,20439,70287,414,1409,1184,4045,0,0
3.0-4.0,OTHERS,8,WARANGAL,11805,40557,11223,38560,89,317,493,1680,0,0
3.0-4.0,OTHERS,9,KHAMMAM,8518,29324,7446,25646,458,1590,614,2089,0,0
3.0-4.0,OTHERS,10,SRIKAKULAM,4915,16889,4103,14115,672,2310,140,464,0,0
3.0-4.0,OTHERS,11,VIZIANAGARAM,6486,22505,5227,18053,818,2898,441,1555,0,0
3.0-4.0,OTHERS,12,VISAKHAPATNAM,3103,10550,2782,9479,130,429,191,642,0,0
3.0-4.0,OTHERS,13,EAST GODAVARI,7225,24781,6099,20895,363,1278,635,2158,128,450
3.0-4.0,OTHERS,14,WEST GODAVARI,9541,32896,7859,27085,398,1373,786,2735,498,1703
3.0-4.0,OTHERS,15,KRISHNA,12420,42669,10434,35875,526,1816,1331,4527,129,451
3.0-4.0,OTHERS,16,GUNTUR,14884,51040,13700,47000,386,1312,798,2728,0,0
3.0-4.0,OTHERS,17,PRAKASAM,24242,83503,22011,75743,822,2868,1344,4661,65,231
3.0-4.0,OTHERS,18,NELLORE,10359,35599,9637,33143,165,554,442,1508,115,395
3.0-4.0,OTHERS,19,KADAPA,14352,49117,12816,43851,586,2019,928,3172,22,75
3.0-4.0,OTHERS,20,KURNOOL,30626,105521,27116,93348,1547,5390,1848,6373,115,410
3.0-4.0,OTHERS,21,ANANTHAPUR,35876,123279,32572,111933,824,2844,2469,8459,11,43
3.0-4.0,OTHERS,22,CHITTOOR,11844,40634,10955,37597,363,1230,476,1639,50,168
3.0-4.0,SCHEDULED TRIBES,(1),(2),(3),(4),(5),(6),(7),(8),(9),(10),(11),(12)
3.0-4.0,SCHEDULED TRIBES,1,ADILABAD,6496,22278,6279,21535,16,56,201,687,0,0
3.0-4.0,SCHEDULED TRIBES,2,NIZAMABAD,250,842,245,825,0,0,5,17,0,0
3.0-4.0,SCHEDULED TRIBES,3,KARIMNAGAR,230,800,225,783,0,0,5,17,0,0
3.0-4.0,SCHEDULED TRIBES,4,MEDAK,667,2285,652,2230,10,38,5,17,0,0
3.0-4.0,SCHEDULED TRIBES,5,RANGAREDDY,659,2256,596,2042,0,0,22,73,41,140
3.0-4.0,SCHEDULED TRIBES,6,MAHABUBNAGAR,2007,6866,1946,6666,30,99,31,101,0,0
3.0-4.0,SCHEDULED TRIBES,7,NALGONDA,1638,5605,1622,5550,9,28,7,27,0,0
3.0-4.0,SCHEDULED TRIBES,8,WARANGAL,1790,6140,1735,5951,13,44,42,145,0,0
3.0-4.0,SCHEDULED TRIBES,9,KHAMMAM,4913,16844,4671,16021,156,536,81,270,5,17
3.0-4.0,SCHEDULED TRIBES,10,SRIKAKULAM,344,1169,340,1156,4,13,0,0,0,0
3.0-4.0,SCHEDULED TRIBES,11,VIZIANAGARAM,907,3106,855,2931,37,127,15,48,0,0
3.0-4.0,SCHEDULED TRIBES,12,VISAKHAPATNAM,6314,21787,6189,21373,92,304,33,111,0,0
3.0-4.0,SCHEDULED TRIBES,13,EAST GODAVARI,2999,10349,2870,9895,68,241,61,213,0,0
3.0-4.0,SCHEDULED TRIBES,14,WEST GODAVARI,654,2250,636,2182,8,32,10,35,0,0
3.0-4.0,SCHEDULED TRIBES,15,KRISHNA,150,514,132,454,0,0,12,39,6,20
3.0-4.0,SCHEDULED TRIBES,16,GUNTUR,313,1071,305,1043,0,0,8,29,0,0
3.0-4.0,SCHEDULED TRIBES,17,PRAKASAM,209,716,202,693,0,0,4,14,3,9
3.0-4.0,SCHEDULED TRIBES,18,NELLORE,118,404,117,401,0,0,1,3,0,0
3.0-4.0,SCHEDULED TRIBES,19,KADAPA,87,296,86,293,1,3,0,0,0,0
3.0-4.0,SCHEDULED TRIBES,20,KURNOOL,456,1558,412,1415,26,83,18,59,0,0
3.0-4.0,SCHEDULED TRIBES,21,ANANTHAPUR,885,3034,802,2750,0,0,83,284,0,0
3.0-4.0,SCHEDULED TRIBES,22,CHITTOOR,125,425,121,413,0,0,4,12,0,0
3.0-4.0,ALL SOCIAL GROUPS,(1),(2),(3),(4),(5),(6),(7),(8),(9),(10),(11),(12)
3.0-4.0,ALL SOCIAL GROUPS,1,ADILABAD,21173,72771,19913,68430,159,551,1101,3790,0,0
3.0-4.0,ALL SOCIAL GROUPS,2,NIZAMABAD,7787,26641,7016,24007,327,1121,444,1514,0,0
3.0-4.0,ALL SOCIAL GROUPS,3,KARIMNAGAR,13585,46571,13051,44748,80,277,454,1545,0,0
3.0-4.0,ALL SOCIAL GROUPS,4,MEDAK,13507,46366,12685,43538,270,942,552,1885,0,0
3.0-4.0,ALL SOCIAL GROUPS,5,RANGAREDDY,10808,37114,10471,35976,75,248,221,750,41,140
3.0-4.0,ALL SOCIAL GROUPS,6,MAHABUBNAGAR,30666,105287,28606,98242,361,1229,1699,5816,0,0
3.0-4.0,ALL SOCIAL GROUPS,7,NALGONDA,24532,84276,22865,78587,440,1495,1227,4194,0,0
3.0-4.0,ALL SOCIAL GROUPS,8,WARANGAL,14358,49332,13699,47072,111,392,548,1868,0,0
3.0-4.0,ALL SOCIAL GROUPS,9,KHAMMAM,13822,47509,12478,42909,625,2162,714,2421,5,17
3.0-4.0,ALL SOCIAL GROUPS,10,SRIKAKULAM,5326,18288,4509,15498,676,2323,141,467,0,0
3.0-4.0,ALL SOCIAL GROUPS,11,VIZIANAGARAM,7531,26094,6212,21438,855,3024,464,1631,0,0
3.0-4.0,ALL SOCIAL GROUPS,12,VISAKHAPATNAM,9479,32548,9031,31055,222,733,226,760,0,0
3.0-4.0,ALL SOCIAL GROUPS,13,EAST GODAVARI,10460,35939,9203,31593,431,1519,698,2378,128,450
3.0-4.0,ALL SOCIAL GROUPS,14,WEST GODAVARI,10506,36215,8788,30274,408,1412,812,2826,498,1703
3.0-4.0,ALL SOCIAL GROUPS,15,KRISHNA,12848,44141,10820,37208,535,1848,1356,4607,137,478
3.0-4.0,ALL SOCIAL GROUPS,16,GUNTUR,15636,53609,14433,49503,389,1322,814,2784,0,0
3.0-4.0,ALL SOCIAL GROUPS,17,PRAKASAM,25412,87521,23137,79614,826,2882,1372,4756,77,269
3.0-4.0,ALL SOCIAL GROUPS,18,NELLORE,10996,37786,10244,35231,182,611,453,1544,117,399
3.0-4.0,ALL SOCIAL GROUPS,19,KADAPA,14667,50176,13117,44864,593,2043,935,3194,22,75
3.0-4.0,ALL SOCIAL GROUPS,20,KURNOOL,32926,113377,29066,100013,1716,5972,2019,6944,125,448
3.0-4.0,ALL SOCIAL GROUPS,21,ANANTHAPUR,38245,131352,34817,119582,830,2863,2587,8864,11,43
3.0-4.0,ALL SOCIAL GROUPS,22,CHITTOOR,12376,42437,11465,39328,375,1269,486,1672,50,168
2.0-3.0,SCHEDULED CASTE,(1),(2),(3),(4),(5),(6),(7),(8),(9),(10),(11),(12)
2.0-3.0,SCHEDULED CASTE,1,ADILABAD,8827,19880,8170,18406,40,98,617,1376,0,0
2.0-3.0,SCHEDULED CASTE,2,NIZAMABAD,1728,3990,1609,3718,50,115,69,157,0,0
2.0-3.0,SCHEDULED CASTE,3,KARIMNAGAR,2567,5999,2456,5739,15,36,96,223,0,0
2.0-3.0,SCHEDULED CASTE,4,MEDAK,3507,8189,3363,7865,33,75,111,249,0,0
2.0-3.0,SCHEDULED CASTE,5,RANGAREDDY,3198,7475,3077,7183,25,53,96,239,0,0
2.0-3.0,SCHEDULED CASTE,6,MAHABUBNAGAR,7998,18846,7419,17484,22,54,557,1308,0,0
2.0-3.0,SCHEDULED CASTE,7,NALGONDA,3313,7819,3201,7558,35,78,77,183,0,0
2.0-3.0,SCHEDULED CASTE,8,WARANGAL,2713,6466,2603,6201,9,23,101,242,0,0
2.0-3.0,SCHEDULED CASTE,9,KHAMMAM,1607,3701,1491,3438,50,115,66,148,0,0
2.0-3.0,SCHEDULED CASTE,10,SRIKAKULAM,148,350,107,255,4,9,37,86,0,0
2.0-3.0,SCHEDULED CASTE,11,VIZIANAGARAM,426,988,380,878,24,57,22,53,0,0
2.0-3.0,SCHEDULED CASTE,12,VISAKHAPATNAM,216,486,212,478,0,0,4,8,0,0
2.0-3.0,SCHEDULED CASTE,13,EAST GODAVARI,568,1359,539,1291,10,24,19,44,0,0
2.0-3.0,SCHEDULED CASTE,14,WEST GODAVARI,975,2267,788,1821,40,93,147,353,0,0
2.0-3.0,SCHEDULED CASTE,15,KRISHNA,956,2269,897,2124,11,29,45,108,3,8
2.0-3.0,SCHEDULED CASTE,16,GUNTUR,1120,2658,1082,2566,16,38,22,53,0,0
2.0-3.0,SCHEDULED CASTE,17,PRAKASAM,5007,11233,4707,10567,82,190,211,461,7,15
2.0-3.0,SCHEDULED CASTE,18,NELLORE,2190,4996,2046,4670,48,108,67,150,29,68
2.0-3.0,SCHEDULED CASTE,19,KADAPA,2036,4499,1742,3855,26,71,235,506,33,67
2.0-3.0,SCHEDULED CASTE,20,KURNOOL,6147,14372,5510,12847,292,712,324,761,21,51
2.0-3.0,SCHEDULED CASTE,21,ANANTHAPUR,10414,23206,9902,22042,143,357,355,775,14,32
2.0-3.0,SCHEDULED CASTE,22,CHITTOOR,2485,5646,2345,5321,52,126,88,200,0,0
2.0-3.0,OTHERS,(1),(2),(3),(4),(5),(6),(7),(8),(9),(10),(11),(12)
2.0-3.0,OTHERS,1,ADILABAD,39249,90886,36171,83752,328,822,2750,6311,0,0
2.0-3.0,OTHERS,2,NIZAMABAD,23255,54826,20893,49222,674,1661,1688,3943,0,0
2.0-3.0,OTHERS,3,KARIMNAGAR,38276,91220,36739,87538,305,752,1232,2930,0,0
2.0-3.0,OTHERS,4,MEDAK,33905,80468,32165,76347,337,823,1403,3298,0,0
2.0-3.0,OTHERS,5,RANGAREDDY,24844,58940,23913,56731,191,469,740,1739,0,0
2.0-3.0,OTHERS,6,MAHABUBNAGAR,77598,185319,71793,171452,675,1640,5130,12227,0,0
2.0-3.0,OTHERS,7,NALGONDA,57527,137211,53827,128269,713,1807,2987,7135,0,0
2.0-3.0,OTHERS,8,WARANGAL,34115,81362,32446,77418,217,533,1452,3411,0,0
2.0-3.0,OTHERS,9,KHAMMAM,23470,55827,21211,50451,822,2003,1354,3192,83,182
2.0-3.0,OTHERS,10,SRIKAKULAM,14935,35750,12371,29551,1836,4461,718,1712,10,25
2.0-3.0,OTHERS,11,VIZIANAGARAM,15783,37896,12752,30548,1807,4444,1155,2738,69,167
2.0-3.0,OTHERS,12,VISAKHAPATNAM,9680,22607,8656,20134,483,1200,541,1273,0,0
2.0-3.0,OTHERS,13,EAST GODAVARI,19685,46786,16514,39256,1071,2564,1849,4355,251,610
2.0-3.0,OTHERS,14,WEST GODAVARI,24435,58214,20824,49480,894,2182,2325,5591,392,961
2.0-3.0,OTHERS,15,KRISHNA,29567,71025,25883,62195,938,2292,2725,6490,21,48
2.0-3.0,OTHERS,16,GUNTUR,40157,96105,36351,86985,882,2163,2924,6958,0,0
2.0-3.0,OTHERS,17,PRAKASAM,62026,146621,55514,131146,1510,3710,4116,9603,886,2162
2.0-3.0,OTHERS,18,NELLORE,26589,62871,24465,57913,220,548,1445,3342,459,1067
2.0-3.0,OTHERS,19,KADAPA,45056,106058,40345,94933,802,1986,3812,8922,97,218
2.0-3.0,OTHERS,20,KURNOOL,72022,172226,63746,152407,1833,4585,6014,14213,429,1022
2.0-3.0,OTHERS,21,ANANTHAPUR,120864,280184,109105,252583,1191,3012,9824,22780,744,1809
2.0-3.0,OTHERS,22,CHITTOOR,39371,92660,36326,85475,776,1909,1949,4530,320,745
2.0-3.0,SCHEDULED TRIBES,(1),(2),(3),(4),(5),(6),(7),(8),(9),(10),(11),(12)
2.0-3.0,SCHEDULED TRIBES,1,ADILABAD,21510,49174,20688,47352,27,64,795,1758,0,0
2.0-3.0,SCHEDULED TRIBES,2,NIZAMABAD,1741,3935,1607,3630,6,12,116,267,12,26
2.0-3.0,SCHEDULED TRIBES,3,KARIMNAGAR,958,2225,935,2174,4,9,19,43,0,0
2.0-3.0,SCHEDULED TRIBES,4,MEDAK,2399,5555,2342,5427,28,68,29,61,0,0
2.0-3.0,SCHEDULED TRIBES,5,RANGAREDDY,2635,6075,2515,5811,3,8,23,47,94,209
2.0-3.0,SCHEDULED TRIBES,6,MAHABUBNAGAR,7937,18626,7454,17464,132,329,343,815,8,18
2.0-3.0,SCHEDULED TRIBES,7,NALGONDA,5981,14088,5832,13752,38,93,111,243,0,0
2.0-3.0,SCHEDULED TRIBES,8,WARANGAL,6202,14709,6030,14319,17,36,155,354,0,0
2.0-3.0,SCHEDULED TRIBES,9,KHAMMAM,15500,36143,14915,34722,246,611,251,602,88,208
2.0-3.0,SCHEDULED TRIBES,10,SRIKAKULAM,1358,3164,1341,3127,17,37,0,0,0,0
2.0-3.0,SCHEDULED TRIBES,11,VIZIANAGARAM,2401,5686,2260,5341,77,187,64,157,0,0
2.0-3.0,SCHEDULED TRIBES,12,VISAKHAPATNAM,12921,31203,12475,30122,207,516,239,565,0,0
2.0-3.0,SCHEDULED TRIBES,13,EAST GODAVARI,6323,15032,6080,14460,71,176,172,396,0,0
2.0-3.0,SCHEDULED TRIBES,14,WEST GODAVARI,1852,4399,1786,4246,25,60,39,89,2,4
2.0-3.0,SCHEDULED TRIBES,15,KRISHNA,498,1213,417,1032,28,63,53,118,0,0
2.0-3.0,SCHEDULED TRIBES,16,GUNTUR,1314,3037,1269,2927,15,35,30,74,0,0
2.0-3.0,SCHEDULED TRIBES,17,PRAKASAM,926,2088,844,1898,9,19,52,123,21,49
2.0-3.0,SCHEDULED TRIBES,18,NELLORE,603,1362,570,1286,0,0,29,64,4,13
2.0-3.0,SCHEDULED TRIBES,19,KADAPA,529,1186,508,1139,0,0,21,47,0,0
2.0-3.0,SCHEDULED TRIBES,20,KURNOOL,1320,3071,1169,2723,46,107,105,241,0,0
2.0-3.0,SCHEDULED TRIBES,21,ANANTHAPUR,5605,12508,4913,10927,102,245,590,1337,0,0
2.0-3.0,SCHEDULED TRIBES,22,CHITTOOR,746,1724,700,1617,10,26,36,82,0,0
2.0-3.0,ALL SOCIAL GROUPS,(1),(2),(3),(4),(5),(6),(7),(8),(9),(10),(11),(12)
2.0-3.0,ALL SOCIAL GROUPS,1,ADILABAD,69592,159956,65035,149525,395,985,4162,9446,0,0
2.0-3.0,ALL SOCIAL GROUPS,2,NIZAMABAD,26734,62775,24119,56593,730,1789,1873,4367,12,26
2.0-3.0,ALL SOCIAL GROUPS,3,KARIMNAGAR,41805,99454,40134,95461,324,798,1347,3195,0,0
2.0-3.0,ALL SOCIAL GROUPS,4,MEDAK,39832,94259,37891,89686,398,966,1543,3608,0,0
2.0-3.0,ALL SOCIAL GROUPS,5,RANGAREDDY,30714,72584,29542,69819,219,530,859,2026,94,209
2.0-3.0,ALL SOCIAL GROUPS,6,MAHABUBNAGAR,93535,222795,86668,206404,829,2022,6030,14350,8,18
2.0-3.0,ALL SOCIAL GROUPS,7,NALGONDA,66832,159146,62871,149607,786,1979,3175,7560,0,0
2.0-3.0,ALL SOCIAL GROUPS,8,WARANGAL,43030,102538,41079,97938,243,592,1708,4007,0,0
2.0-3.0,ALL SOCIAL GROUPS,9,KHAMMAM,40613,95762,37653,88702,1118,2729,1671,3941,171,390
2.0-3.0,ALL SOCIAL GROUPS,10,SRIKAKULAM,16525,39469,13903,33138,1857,4507,755,1799,10,25
2.0-3.0,ALL SOCIAL GROUPS,11,VIZIANAGARAM,18622,44598,15404,36796,1908,4687,1241,2948,69,167
2.0-3.0,ALL SOCIAL GROUPS,12,VISAKHAPATNAM,22837,54345,21363,50783,690,1716,784,1846,0,0
2.0-3.0,ALL SOCIAL GROUPS,13,EAST GODAVARI,26647,63350,23204,55180,1152,2765,2040,4795,251,610
2.0-3.0,ALL SOCIAL GROUPS,14,WEST GODAVARI,27350,65100,23481,55753,959,2336,2515,6043,395,967
2.0-3.0,ALL SOCIAL GROUPS,15,KRISHNA,31022,74510,27198,65354,977,2384,2823,6716,24,56
2.0-3.0,ALL SOCIAL GROUPS,16,GUNTUR,42683,102024,38794,92703,913,2236,2976,7085,0,0
2.0-3.0,ALL SOCIAL GROUPS,17,PRAKASAM,67980,159993,61086,143661,1601,3920,4379,10187,914,2225
2.0-3.0,ALL SOCIAL GROUPS,18,NELLORE,29454,69413,27153,64052,268,656,1541,3557,492,1148
2.0-3.0,ALL SOCIAL GROUPS,19,KADAPA,47623,111748,42597,99932,828,2057,4068,9474,130,284
2.0-3.0,ALL SOCIAL GROUPS,20,KURNOOL,79493,189678,70429,167987,2171,5404,6443,15214,450,1073
2.0-3.0,ALL SOCIAL GROUPS,21,ANANTHAPUR,136949,316065,123986,285718,1436,3613,10769,24893,758,1841
2.0-3.0,ALL SOCIAL GROUPS,22,CHITTOOR,42605,100037,39374,92419,838,2061,2073,4812,320,745
5.0-7.5,SCHEDULED CASTE,(1),(2),(3),(4),(5),(6),(7),(8),(9),(10),(11),(12)
5.0-7.5,SCHEDULED CASTE,1,ADILABAD,882,5291,795,4760,0,0,87,531,0,0
5.0-7.5,SCHEDULED CASTE,2,NIZAMABAD,70,417,70,417,0,0,0,0,0,0
5.0-7.5,SCHEDULED CASTE,3,KARIMNAGAR,201,1184,198,1164,0,0,3,20,0,0
5.0-7.5,SCHEDULED CASTE,4,MEDAK,239,1420,220,1323,0,0,19,98,0,0
5.0-7.5,SCHEDULED CASTE,5,RANGAREDDY,252,1507,249,1490,0,0,3,17,0,0
5.0-7.5,SCHEDULED CASTE,6,MAHABUBNAGAR,648,3834,631,3732,0,0,17,103,0,0
5.0-7.5,SCHEDULED CASTE,7,NALGONDA,256,1532,251,1508,5,24,0,0,0,0
5.0-7.5,SCHEDULED CASTE,8,WARANGAL,339,2032,339,2032,0,0,0,0,0,0
5.0-7.5,SCHEDULED CASTE,9,KHAMMAM,142,829,134,783,8,46,0,0,0,0
5.0-7.5,SCHEDULED CASTE,10,SRIKAKULAM,8,49,8,49,0,0,0,0,0,0
5.0-7.5,SCHEDULED CASTE,11,VIZIANAGARAM,38,229,38,229,0,0,0,0,0,0
5.0-7.5,SCHEDULED CASTE,12,VISAKHAPATNAM,35,195,35,195,0,0,0,0,0,0
5.0-7.5,SCHEDULED CASTE,13,EAST GODAVARI,50,293,48,279,2,13,0,0,0,0
5.0-7.5,SCHEDULED CASTE,14,WEST GODAVARI,111,637,76,432,1,7,34,198,0,0
5.0-7.5,SCHEDULED CASTE,15,KRISHNA,105,634,98,595,1,5,4,27,2,8
5.0-7.5,SCHEDULED CASTE,16,GUNTUR,99,583,99,583,0,0,0,0,0,0
5.0-7.5,SCHEDULED CASTE,17,PRAKASAM,192,1117,178,1031,1,7,13,79,0,0
5.0-7.5,SCHEDULED CASTE,18,NELLORE,124,741,124,741,0,0,0,0,0,0
5.0-7.5,SCHEDULED CASTE,19,KADAPA,63,365,54,311,0,0,9,54,0,0
5.0-7.5,SCHEDULED CASTE,20,KURNOOL,903,5278,731,4270,59,346,113,662,0,0
5.0-7.5,SCHEDULED CASTE,21,ANANTHAPUR,456,2681,439,2591,4,21,6,29,7,41
5.0-7.5,SCHEDULED CASTE,22,CHITTOOR,102,615,98,590,0,0,4,25,0,0
5.0-7.5,OTHERS,(1),(2),(3),(4),(5),(6),(7),(8),(9),(10),(11),(12)
5.0-7.5,OTHERS,1,ADILABAD,6273,37611,5805,34811,51,309,417,2491,0,0
5.0-7.5,OTHERS,2,NIZAMABAD,2390,14233,2079,12375,171,1038,140,820,0,0
5.0-7.5,OTHERS,3,KARIMNAGAR,5119,30571,4933,29475,23,140,163,956,0,0
5.0-7.5,OTHERS,4,MEDAK,5856,35164,5474,32964,153,881,229,1319,0,0
5.0-7.5,OTHERS,5,RANGAREDDY,4452,26811,4243,25523,97,589,112,700,0,0
5.0-7.5,OTHERS,6,MAHABUBNAGAR,12803,76975,12053,72426,254,1499,496,3050,0,0
5.0-7.5,OTHERS,7,NALGONDA,10088,60275,9207,54974,264,1604,617,3698,0,0
5.0-7.5,OTHERS,8,WARANGAL,5223,31330,5087,30494,47,298,89,539,0,0
5.0-7.5,OTHERS,9,KHAMMAM,4043,24180,3527,21115,317,1882,199,1184,0,0
5.0-7.5,OTHERS,10,SRIKAKULAM,1756,10395,1376,8189,306,1767,74,439,0,0
5.0-7.5,OTHERS,11,VIZIANAGARAM,2491,14850,1903,11404,302,1810,286,1635,0,0
5.0-7.5,OTHERS,12,VISAKHAPATNAM,1318,7800,1174,6959,90,506,54,335,0,0
5.0-7.5,OTHERS,13,EAST GODAVARI,2629,15589,2264,13427,217,1259,148,903,0,0
5.0-7.5,OTHERS,14,WEST GODAVARI,4142,24754,3617,21620,175,1046,350,2088,0,0
5.0-7.5,OTHERS,15,KRISHNA,4955,29678,4304,25839,314,1896,298,1707,39,236
5.0-7.5,OTHERS,16,GUNTUR,5057,29709,4671,27438,180,1084,206,1188,0,0
5.0-7.5,OTHERS,17,PRAKASAM,10562,63224,9711,58077,336,2099,515,3048,0,0
5.0-7.5,OTHERS,18,NELLORE,5364,32207,4970,29834,133,813,219,1327,42,233
5.0-7.5,OTHERS,19,KADAPA,5102,30181,4574,27078,297,1771,231,1332,0,0
5.0-7.5,OTHERS,20,KURNOOL,18686,112269,16123,96429,1383,8585,1100,6721,80,534
5.0-7.5,OTHERS,21,ANANTHAPUR,18870,112921,16893,101173,471,2826,1347,7979,159,943
5.0-7.5,OTHERS,22,CHITTOOR,4514,26965,4094,24439,243,1461,165,978,12,86
5.0-7.5,SCHEDULED TRIBES,(1),(2),(3),(4),(5),(6),(7),(8),(9),(10),(11),(12)
5.0-7.5,SCHEDULED TRIBES,1,ADILABAD,2372,14197,2240,13439,9,50,123,709,0,0
5.0-7.5,SCHEDULED TRIBES,2,NIZAMABAD,44,261,42,251,0,0,2,11,0,0
5.0-7.5,SCHEDULED TRIBES,3,KARIMNAGAR,74,432,74,432,0,0,0,0,0,0
5.0-7.5,SCHEDULED TRIBES,4,MEDAK,258,1531,258,1531,0,0,0,0,0,0
5.0-7.5,SCHEDULED TRIBES,5,RANGAREDDY,196,1162,196,1162,0,0,0,0,0,0
5.0-7.5,SCHEDULED TRIBES,6,MAHABUBNAGAR,647,3879,609,3637,11,76,27,166,0,0
5.0-7.5,SCHEDULED TRIBES,7,NALGONDA,561,3326,543,3220,18,106,0,0,0,0
5.0-7.5,SCHEDULED TRIBES,8,WARANGAL,689,4153,679,4100,0,0,10,53,0,0
5.0-7.5,SCHEDULED TRIBES,9,KHAMMAM,1676,9964,1591,9443,68,417,15,92,2,11
5.0-7.5,SCHEDULED TRIBES,10,SRIKAKULAM,119,699,117,689,2,11,0,0,0,0
5.0-7.5,SCHEDULED TRIBES,11,VIZIANAGARAM,314,1877,305,1831,5,22,4,23,0,0
5.0-7.5,SCHEDULED TRIBES,12,VISAKHAPATNAM,3638,21890,3493,21048,107,637,38,205,0,0
5.0-7.5,SCHEDULED TRIBES,13,EAST GODAVARI,1885,11338,1792,10753,47,305,46,281,0,0
5.0-7.5,SCHEDULED TRIBES,14,WEST GODAVARI,334,1992,317,1891,11,69,6,32,0,0
5.0-7.5,SCHEDULED TRIBES,15,KRISHNA,39,238,38,233,0,0,1,5,0,0
5.0-7.5,SCHEDULED TRIBES,16,GUNTUR,73,426,73,426,0,0,0,0,0,0
5.0-7.5,SCHEDULED TRIBES,17,PRAKASAM,48,276,46,264,1,5,1,7,0,0
5.0-7.5,SCHEDULED TRIBES,18,NELLORE,28,166,28,166,0,0,0,0,0,0
5.0-7.5,SCHEDULED TRIBES,19,KADAPA,22,128,22,128,0,0,0,0,0,0
5.0-7.5,SCHEDULED TRIBES,20,KURNOOL,192,1135,154,910,38,225,0,0,0,0
5.0-7.5,SCHEDULED TRIBES,21,ANANTHAPUR,302,1780,283,1670,0,0,19,110,0,0
5.0-7.5,SCHEDULED TRIBES,22,CHITTOOR,29,166,19,114,7,38,3,15,0,0
5.0-7.5,ALL SOCIAL GROUPS,(1),(2),(3),(4),(5),(6),(7),(8),(9),(10),(11),(12)
5.0-7.5,ALL SOCIAL GROUPS,1,ADILABAD,9530,57118,8843,53028,60,359,627,3731,0,0
5.0-7.5,ALL SOCIAL GROUPS,2,NIZAMABAD,2515,14984,2202,13115,171,1038,142,830,0,0
5.0-7.5,ALL SOCIAL GROUPS,3,KARIMNAGAR,5397,32207,5208,31090,23,140,166,977,0,0
5.0-7.5,ALL SOCIAL GROUPS,4,MEDAK,6365,38185,5963,35881,153,881,249,1423,0,0
5.0-7.5,ALL SOCIAL GROUPS,5,RANGAREDDY,4913,29558,4701,28252,97,589,115,717,0,0
5.0-7.5,ALL SOCIAL GROUPS,6,MAHABUBNAGAR,14101,84707,13296,79814,265,1575,540,3318,0,0
5.0-7.5,ALL SOCIAL GROUPS,7,NALGONDA,10915,65198,10011,59766,287,1734,617,3698,0,0
5.0-7.5,ALL SOCIAL GROUPS,8,WARANGAL,6252,37520,6106,36631,47,298,99,591,0,0
5.0-7.5,ALL SOCIAL GROUPS,9,KHAMMAM,5881,35101,5272,31469,393,2345,214,1276,2,11
5.0-7.5,ALL SOCIAL GROUPS,10,SRIKAKULAM,1918,11354,1536,9136,308,1778,74,439,0,0
5.0-7.5,ALL SOCIAL GROUPS,11,VIZIANAGARAM,2858,17046,2261,13556,307,1832,290,1658,0,0
5.0-7.5,ALL SOCIAL GROUPS,12,VISAKHAPATNAM,5006,29978,4717,28295,197,1143,92,540,0,0
5.0-7.5,ALL SOCIAL GROUPS,13,EAST GODAVARI,4600,27449,4138,24674,266,1577,196,1198,0,0
5.0-7.5,ALL SOCIAL GROUPS,14,WEST GODAVARI,4664,27852,4082,24383,187,1123,395,2346,0,0
5.0-7.5,ALL SOCIAL GROUPS,15,KRISHNA,5102,30569,4443,26686,315,1902,303,1739,41,243
5.0-7.5,ALL SOCIAL GROUPS,16,GUNTUR,5327,31322,4941,29051,180,1084,206,1188,0,0
5.0-7.5,ALL SOCIAL GROUPS,17,PRAKASAM,10827,64768,9960,59522,338,2111,529,3134,0,0
5.0-7.5,ALL SOCIAL GROUPS,18,NELLORE,5562,33390,5168,31017,133,813,219,1327,42,233
5.0-7.5,ALL SOCIAL GROUPS,19,KADAPA,5187,30674,4650,27517,297,1771,240,1386,0,0
5.0-7.5,ALL SOCIAL GROUPS,20,KURNOOL,19789,118732,17016,101659,1480,9156,1213,7383,80,534
5.0-7.5,ALL SOCIAL GROUPS,21,ANANTHAPUR,19727,117990,17714,106042,475,2847,1372,8118,166,983
5.0-7.5,ALL SOCIAL GROUPS,22,CHITTOOR,4647,27759,4213,25156,250,1499,172,1018,12,86
4.0-5.0,SCHEDULED CASTE,(1),(2),(3),(4),(5),(6),(7),(8),(9),(10),(11),(12)
4.0-5.0,SCHEDULED CASTE,1,ADILABAD,1093,4811,977,4292,26,118,90,402,0,0
4.0-5.0,SCHEDULED CASTE,2,NIZAMABAD,130,573,127,563,0,0,3,10,0,0
4.0-5.0,SCHEDULED CASTE,3,KARIMNAGAR,306,1344,306,1344,0,0,0,0,0,0
4.0-5.0,SCHEDULED CASTE,4,MEDAK,318,1403,298,1320,0,0,20,83,0,0
4.0-5.0,SCHEDULED CASTE,5,RANGAREDDY,345,1527,338,1495,1,7,6,26,0,0
4.0-5.0,SCHEDULED CASTE,6,MAHABUBNAGAR,1162,5158,1112,4938,2,7,48,213,0,0
4.0-5.0,SCHEDULED CASTE,7,NALGONDA,393,1739,375,1658,9,40,9,40,0,0
4.0-5.0,SCHEDULED CASTE,8,WARANGAL,575,2554,571,2535,0,0,4,19,0,0
4.0-5.0,SCHEDULED CASTE,9,KHAMMAM,259,1133,250,1092,7,32,2,9,0,0
4.0-5.0,SCHEDULED CASTE,10,SRIKAKULAM,17,75,17,75,0,0,0,0,0,0
4.0-5.0,SCHEDULED CASTE,11,VIZIANAGARAM,73,320,73,320,0,0,0,0,0,0
4.0-5.0,SCHEDULED CASTE,12,VISAKHAPATNAM,36,159,31,137,5,22,0,0,0,0
4.0-5.0,SCHEDULED CASTE,13,EAST GODAVARI,101,450,101,450,0,0,0,0,0,0
4.0-5.0,SCHEDULED CASTE,14,WEST GODAVARI,100,443,91,402,3,12,6,28,0,0
4.0-5.0,SCHEDULED CASTE,15,KRISHNA,180,796,177,781,0,0,1,4,2,10
4.0-5.0,SCHEDULED CASTE,16,GUNTUR,220,967,219,963,1,4,0,0,0,0
4.0-5.0,SCHEDULED CASTE,17,PRAKASAM,338,1481,326,1429,4,18,8,33,0,0
4.0-5.0,SCHEDULED CASTE,18,NELLORE,229,999,228,994,0,0,1,5,0,0
4.0-5.0,SCHEDULED CASTE,19,KADAPA,74,328,62,274,0,0,12,54,0,0
4.0-5.0,SCHEDULED CASTE,20,KURNOOL,1135,5063,949,4207,78,355,108,501,0,0
4.0-5.0,SCHEDULED CASTE,21,ANANTHAPUR,585,2598,528,2339,7,32,50,227,0,0
4.0-5.0,SCHEDULED CASTE,22,CHITTOOR,131,578,125,553,2,9,4,16,0,0
4.0-5.0,OTHERS,(1),(2),(3),(4),(5),(6),(7),(8),(9),(10),(11),(12)
4.0-5.0,OTHERS,1,ADILABAD,6692,29659,6253,27721,45,196,394,1743,0,0
4.0-5.0,OTHERS,2,NIZAMABAD,2968,13100,2688,11855,134,605,146,640,0,0
4.0-5.0,OTHERS,3,KARIMNAGAR,6545,29009,6251,27717,49,213,245,1078,0,0
4.0-5.0,OTHERS,4,MEDAK,6313,27952,5965,26406,91,410,257,1136,0,0
4.0-5.0,OTHERS,5,RANGAREDDY,4732,20941,4505,19934,82,363,145,643,0,0
4.0-5.0,OTHERS,6,MAHABUBNAGAR,14749,65567,13838,61526,300,1331,611,2711,0,0
4.0-5.0,OTHERS,7,NALGONDA,11525,51062,10723,47507,241,1079,561,2475,0,0
4.0-5.0,OTHERS,8,WARANGAL,6739,29915,6479,28752,32,146,228,1017,0,0
4.0-5.0,OTHERS,9,KHAMMAM,5118,22606,4258,18800,398,1773,407,1784,55,249
4.0-5.0,OTHERS,10,SRIKAKULAM,2590,11459,2139,9445,396,1772,49,216,6,26
4.0-5.0,OTHERS,11,VIZIANAGARAM,3260,14454,2374,10519,522,2300,364,1635,0,0
4.0-5.0,OTHERS,12,VISAKHAPATNAM,1502,6615,1272,5608,165,734,65,272,0,0
4.0-5.0,OTHERS,13,EAST GODAVARI,3504,15456,2944,12963,244,1086,258,1150,58,257
4.0-5.0,OTHERS,14,WEST GODAVARI,4710,20810,4027,17757,184,826,389,1734,110,494
4.0-5.0,OTHERS,15,KRISHNA,6321,27986,5452,24104,312,1408,530,2355,27,119
4.0-5.0,OTHERS,16,GUNTUR,7419,32906,6646,29551,242,1060,531,2296,0,0
4.0-5.0,OTHERS,17,PRAKASAM,11581,51353,10419,46175,481,2156,668,2957,13,65
4.0-5.0,OTHERS,18,NELLORE,5665,25101,5208,23071,140,637,300,1315,17,78
4.0-5.0,OTHERS,19,KADAPA,6462,28666,5787,25674,248,1093,413,1834,14,64
4.0-5.0,OTHERS,20,KURNOOL,18829,83777,16641,74003,1074,4779,1109,4972,5,23
4.0-5.0,OTHERS,21,ANANTHAPUR,19378,85789,17492,77458,339,1506,1508,6660,39,164
4.0-5.0,OTHERS,22,CHITTOOR,5318,23533,5011,22170,170,763,137,601,0,0
4.0-5.0,SCHEDULED TRIBES,(1),(2),(3),(4),(5),(6),(7),(8),(9),(10),(11),(12)
4.0-5.0,SCHEDULED TRIBES,1,ADILABAD,3925,16969,3726,16136,6,26,193,807,0,0
4.0-5.0,SCHEDULED TRIBES,2,NIZAMABAD,70,309,61,269,0,0,9,40,0,0
4.0-5.0,SCHEDULED TRIBES,3,KARIMNAGAR,140,618,140,618,0,0,0,0,0,0
4.0-5.0,SCHEDULED TRIBES,4,MEDAK,258,1152,257,1147,0,0,1,4,0,0
4.0-5.0,SCHEDULED TRIBES,5,RANGAREDDY,286,1265,286,1265,0,0,0,0,0,0
4.0-5.0,SCHEDULED TRIBES,6,MAHABUBNAGAR,1055,4664,1042,4609,0,0,13,54,0,0
4.0-5.0,SCHEDULED TRIBES,7,NALGONDA,726,3214,715,3168,5,23,6,22,0,0
4.0-5.0,SCHEDULED TRIBES,8,WARANGAL,1152,5130,1124,5005,0,0,28,124,0,0
4.0-5.0,SCHEDULED TRIBES,9,KHAMMAM,2565,11207,2403,10495,93,409,59,259,10,44
4.0-5.0,SCHEDULED TRIBES,10,SRIKAKULAM,170,752,163,724,7,28,0,0,0,0
4.0-5.0,SCHEDULED TRIBES,11,VIZIANAGARAM,412,1806,382,1676,23,104,7,26,0,0
4.0-5.0,SCHEDULED TRIBES,12,VISAKHAPATNAM,3508,15596,3389,15065,87,388,32,144,0,0
4.0-5.0,SCHEDULED TRIBES,13,EAST GODAVARI,1851,8225,1777,7899,37,168,37,159,0,0
4.0-5.0,SCHEDULED TRIBES,14,WEST GODAVARI,369,1641,358,1590,5,24,6,27,0,0
4.0-5.0,SCHEDULED TRIBES,15,KRISHNA,64,284,57,252,0,0,1,5,6,27
4.0-5.0,SCHEDULED TRIBES,16,GUNTUR,159,704,159,704,0,0,0,0,0,0
4.0-5.0,SCHEDULED TRIBES,17,PRAKASAM,68,301,67,295,1,6,0,0,0,0
4.0-5.0,SCHEDULED TRIBES,18,NELLORE,56,247,56,247,0,0,0,0,0,0
4.0-5.0,SCHEDULED TRIBES,19,KADAPA,41,184,41,184,0,0,0,0,0,0
4.0-5.0,SCHEDULED TRIBES,20,KURNOOL,289,1278,269,1188,20,89,0,0,0,0
4.0-5.0,SCHEDULED TRIBES,21,ANANTHAPUR,317,1389,291,1277,5,21,21,91,0,0
4.0-5.0,SCHEDULED TRIBES,22,CHITTOOR,37,164,35,155,0,0,2,8,0,0
4.0-5.0,ALL SOCIAL GROUPS,(1),(2),(3),(4),(5),(6),(7),(8),(9),(10),(11),(12)
4.0-5.0,ALL SOCIAL GROUPS,1,ADILABAD,11712,51449,10958,48158,77,339,677,2952,0,0
4.0-5.0,ALL SOCIAL GROUPS,2,NIZAMABAD,3170,13990,2878,12696,134,605,158,689,0,0
4.0-5.0,ALL SOCIAL GROUPS,3,KARIMNAGAR,6994,30985,6700,29693,49,213,245,1078,0,0
4.0-5.0,ALL SOCIAL GROUPS,4,MEDAK,6899,30551,6530,28917,91,410,278,1224,0,0
4.0-5.0,ALL SOCIAL GROUPS,5,RANGAREDDY,5378,23800,5144,22761,83,370,151,669,0,0
4.0-5.0,ALL SOCIAL GROUPS,6,MAHABUBNAGAR,16966,75389,15992,71073,302,1338,672,2978,0,0
4.0-5.0,ALL SOCIAL GROUPS,7,NALGONDA,12648,56031,11817,52351,255,1142,576,2538,0,0
4.0-5.0,ALL SOCIAL GROUPS,8,WARANGAL,8466,37599,8174,36292,32,146,260,1161,0,0
4.0-5.0,ALL SOCIAL GROUPS,9,KHAMMAM,7949,34978,6918,30420,498,2214,468,2052,65,293
4.0-5.0,ALL SOCIAL GROUPS,10,SRIKAKULAM,2814,12451,2356,10409,403,1800,49,216,6,26
4.0-5.0,ALL SOCIAL GROUPS,11,VIZIANAGARAM,3752,16613,2836,12548,545,2403,371,1661,0,0
4.0-5.0,ALL SOCIAL GROUPS,12,VISAKHAPATNAM,5063,22446,4709,20885,257,1144,97,416,0,0
4.0-5.0,ALL SOCIAL GROUPS,13,EAST GODAVARI,5493,24295,4859,21474,281,1254,295,1309,58,257
4.0-5.0,ALL SOCIAL GROUPS,14,WEST GODAVARI,5232,23131,4529,19986,192,862,401,1789,110,494
4.0-5.0,ALL SOCIAL GROUPS,15,KRISHNA,6565,29066,5686,25138,312,1408,532,2364,35,156
4.0-5.0,ALL SOCIAL GROUPS,16,GUNTUR,7879,34941,7105,31581,243,1064,531,2296,0,0
4.0-5.0,ALL SOCIAL GROUPS,17,PRAKASAM,11999,53189,10824,47953,486,2181,676,2990,13,65
4.0-5.0,ALL SOCIAL GROUPS,18,NELLORE,5976,26460,5516,24417,140,637,301,1320,19,85
4.0-5.0,ALL SOCIAL GROUPS,19,KADAPA,6578,29182,5891,26137,248,1093,425,1888,14,64
4.0-5.0,ALL SOCIAL GROUPS,20,KURNOOL,20259,90144,17865,79425,1172,5224,1217,5473,5,23
4.0-5.0,ALL SOCIAL GROUPS,21,ANANTHAPUR,20339,90044,18370,81344,351,1558,1579,6978,39,164
4.0-5.0,ALL SOCIAL GROUPS,22,CHITTOOR,5487,24280,5172,22882,172,772,143,626,0,0
10.0-20.0,SCHEDULED CASTE,(1),(2),(3),(4),(5),(6),(7),(8),(9),(10),(11),(12)
10.0-20.0,SCHEDULED CASTE,1,ADILABAD,149,1871,147,1848,0,0,2,24,0,0
10.0-20.0,SCHEDULED CASTE,2,NIZAMABAD,11,153,11,153,0,0,0,0,0,0
10.0-20.0,SCHEDULED CASTE,3,KARIMNAGAR,21,269,21,269,0,0,0,0,0,0
10.0-20.0,SCHEDULED CASTE,4,MEDAK,35,466,35,466,0,0,0,0,0,0
10.0-20.0,SCHEDULED CASTE,5,RANGAREDDY,28,347,26,321,0,0,2,27,0,0
10.0-20.0,SCHEDULED CASTE,6,MAHABUBNAGAR,96,1204,96,1204,0,0,0,0,0,0
10.0-20.0,SCHEDULED CASTE,7,NALGONDA,31,368,31,368,0,0,0,0,0,0
10.0-20.0,SCHEDULED CASTE,8,WARANGAL,61,770,61,770,0,0,0,0,0,0
10.0-20.0,SCHEDULED CASTE,9,KHAMMAM,22,269,20,248,2,21,0,0,0,0
10.0-20.0,SCHEDULED CASTE,10,SRIKAKULAM,0,0,0,0,0,0,0,0,0,0
10.0-20.0,SCHEDULED CASTE,11,VIZIANAGARAM,5,54,5,54,0,0,0,0,0,0
10.0-20.0,SCHEDULED CASTE,12,VISAKHAPATNAM,7,81,7,81,0,0,0,0,0,0
10.0-20.0,SCHEDULED CASTE,13,EAST GODAVARI,14,173,14,173,0,0,0,0,0,0
10.0-20.0,SCHEDULED CASTE,14,WEST GODAVARI,17,214,14,174,0,0,3,40,0,0
10.0-20.0,SCHEDULED CASTE,15,KRISHNA,22,315,22,315,0,0,0,0,0,0
10.0-20.0,SCHEDULED CASTE,16,GUNTUR,32,438,32,438,0,0,0,0,0,0
10.0-20.0,SCHEDULED CASTE,17,PRAKASAM,37,441,37,441,0,0,0,0,0,0
10.0-20.0,SCHEDULED CASTE,18,NELLORE,32,440,28,382,0,0,4,58,0,0
10.0-20.0,SCHEDULED CASTE,19,KADAPA,21,253,21,253,0,0,0,0,0,0
10.0-20.0,SCHEDULED CASTE,20,KURNOOL,51,636,47,590,2,23,2,22,0,0
10.0-20.0,SCHEDULED CASTE,21,ANANTHAPUR,55,763,55,763,0,0,0,0,0,0
10.0-20.0,SCHEDULED CASTE,22,CHITTOOR,17,244,17,244,0,0,0,0,0,0
10.0-20.0,OTHERS,(1),(2),(3),(4),(5),(6),(7),(8),(9),(10),(11),(12)
10.0-20.0,OTHERS,1,ADILABAD,1284,16562,1143,14630,19,218,122,1713,0,0
10.0-20.0,OTHERS,2,NIZAMABAD,364,4694,359,4639,5,55,0,0,0,0
10.0-20.0,OTHERS,3,KARIMNAGAR,900,11498,855,10914,9,123,36,462,0,0
10.0-20.0,OTHERS,4,MEDAK,1467,18877,1390,17926,20,250,57,701,0,0
10.0-20.0,OTHERS,5,RANGAREDDY,1138,14870,1099,14345,26,368,13,158,0,0
10.0-20.0,OTHERS,6,MAHABUBNAGAR,3016,39558,2849,37435,51,667,116,1457,0,0
10.0-20.0,OTHERS,7,NALGONDA,1924,24188,1808,22714,10,132,106,1342,0,0
10.0-20.0,OTHERS,8,WARANGAL,1277,16713,1210,15846,0,0,67,867,0,0
10.0-20.0,OTHERS,9,KHAMMAM,757,9672,640,8240,42,525,60,708,15,199
10.0-20.0,OTHERS,10,SRIKAKULAM,279,3516,224,2818,29,364,26,334,0,0
10.0-20.0,OTHERS,11,VIZIANAGARAM,432,5615,348,4451,63,904,21,260,0,0
10.0-20.0,OTHERS,12,VISAKHAPATNAM,238,3069,236,3045,0,0,2,24,0,0
10.0-20.0,OTHERS,13,EAST GODAVARI,404,5275,367,4773,11,157,9,105,17,239
10.0-20.0,OTHERS,14,WEST GODAVARI,636,7891,493,6078,14,182,88,1087,41,543
10.0-20.0,OTHERS,15,KRISHNA,580,7290,495,6244,52,620,22,308,11,119
10.0-20.0,OTHERS,16,GUNTUR,364,4635,353,4520,2,17,9,98,0,0
10.0-20.0,OTHERS,17,PRAKASAM,1846,23281,1640,20734,88,1069,96,1220,22,258
10.0-20.0,OTHERS,18,NELLORE,1659,21300,1549,19858,36,545,74,896,0,0
10.0-20.0,OTHERS,19,KADAPA,796,9816,668,8242,65,811,63,763,0,0
10.0-20.0,OTHERS,20,KURNOOL,3776,47700,3454,43642,204,2571,118,1486,0,0
10.0-20.0,OTHERS,21,ANANTHAPUR,3835,50212,3446,44986,90,1240,192,2410,107,1577
10.0-20.0,OTHERS,22,CHITTOOR,890,11490,777,10052,65,846,48,592,0,0
10.0-20.0,SCHEDULED TRIBES,(1),(2),(3),(4),(5),(6),(7),(8),(9),(10),(11),(12)
10.0-20.0,SCHEDULED TRIBES,1,ADILABAD,343,4396,330,4224,0,0,13,172,0,0
10.0-20.0,SCHEDULED TRIBES,2,NIZAMABAD,6,79,6,79,0,0,0,0,0,0
10.0-20.0,SCHEDULED TRIBES,3,KARIMNAGAR,12,139,12,139,0,0,0,0,0,0
10.0-20.0,SCHEDULED TRIBES,4,MEDAK,43,556,42,543,0,0,1,13,0,0
10.0-20.0,SCHEDULED TRIBES,5,RANGAREDDY,45,602,45,602,0,0,0,0,0,0
10.0-20.0,SCHEDULED TRIBES,6,MAHABUBNAGAR,86,1155,86,1155,0,0,0,0,0,0
10.0-20.0,SCHEDULED TRIBES,7,NALGONDA,39,478,39,478,0,0,0,0,0,0
10.0-20.0,SCHEDULED TRIBES,8,WARANGAL,169,2241,169,2241,0,0,0,0,0,0
10.0-20.0,SCHEDULED TRIBES,9,KHAMMAM,263,3407,224,2874,25,300,14,233,0,0
10.0-20.0,SCHEDULED TRIBES,10,SRIKAKULAM,19,230,19,230,0,0,0,0,0,0
10.0-20.0,SCHEDULED TRIBES,11,VIZIANAGARAM,47,590,33,412,0,0,14,179,0,0
10.0-20.0,SCHEDULED TRIBES,12,VISAKHAPATNAM,740,9468,673,8625,51,650,16,194,0,0
10.0-20.0,SCHEDULED TRIBES,13,EAST GODAVARI,425,5364,377,4764,45,568,3,33,0,0
10.0-20.0,SCHEDULED TRIBES,14,WEST GODAVARI,58,724,58,724,0,0,0,0,0,0
10.0-20.0,SCHEDULED TRIBES,15,KRISHNA,6,74,6,74,0,0,0,0,0,0
10.0-20.0,SCHEDULED TRIBES,16,GUNTUR,7,88,7,88,0,0,0,0,0,0
10.0-20.0,SCHEDULED TRIBES,17,PRAKASAM,3,40,3,40,0,0,0,0,0,0
10.0-20.0,SCHEDULED TRIBES,18,NELLORE,6,79,6,79,0,0,0,0,0,0
10.0-20.0,SCHEDULED TRIBES,19,KADAPA,5,57,5,57,0,0,0,0,0,0
10.0-20.0,SCHEDULED TRIBES,20,KURNOOL,18,209,17,198,1,10,0,0,0,0
10.0-20.0,SCHEDULED TRIBES,21,ANANTHAPUR,37,462,37,462,0,0,0,0,0,0
10.0-20.0,SCHEDULED TRIBES,22,CHITTOOR,3,33,3,33,0,0,0,0,0,0
10.0-20.0,ALL SOCIAL GROUPS,(1),(2),(3),(4),(5),(6),(7),(8),(9),(10),(11),(12)
10.0-20.0,ALL SOCIAL GROUPS,1,ADILABAD,1780,22881,1624,20754,19,218,137,1909,0,0
10.0-20.0,ALL SOCIAL GROUPS,2,NIZAMABAD,387,5004,382,4949,5,55,0,0,0,0
10.0-20.0,ALL SOCIAL GROUPS,3,KARIMNAGAR,935,11931,890,11347,9,123,36,462,0,0
10.0-20.0,ALL SOCIAL GROUPS,4,MEDAK,1569,20264,1491,19300,20,250,58,714,0,0
10.0-20.0,ALL SOCIAL GROUPS,5,RANGAREDDY,1240,16209,1199,15657,26,368,15,184,0,0
10.0-20.0,ALL SOCIAL GROUPS,6,MAHABUBNAGAR,3201,41967,3034,39844,51,667,116,1457,0,0
10.0-20.0,ALL SOCIAL GROUPS,7,NALGONDA,2007,25235,1891,23761,10,132,106,1342,0,0
10.0-20.0,ALL SOCIAL GROUPS,8,WARANGAL,1507,19725,1440,18858,0,0,67,867,0,0
10.0-20.0,ALL SOCIAL GROUPS,9,KHAMMAM,1058,13559,900,11573,69,846,74,941,15,199
10.0-20.0,ALL SOCIAL GROUPS,10,SRIKAKULAM,345,4403,289,3688,29,364,27,351,0,0
10.0-20.0,ALL SOCIAL GROUPS,11,VIZIANAGARAM,504,6542,403,5170,63,904,35,439,3,30
10.0-20.0,ALL SOCIAL GROUPS,12,VISAKHAPATNAM,997,12802,928,11935,51,650,18,217,0,0
10.0-20.0,ALL SOCIAL GROUPS,13,EAST GODAVARI,886,11415,801,10313,56,725,12,138,17,239
10.0-20.0,ALL SOCIAL GROUPS,14,WEST GODAVARI,770,9612,624,7760,14,182,91,1127,41,543
10.0-20.0,ALL SOCIAL GROUPS,15,KRISHNA,611,7718,526,6672,52,620,22,308,11,119
10.0-20.0,ALL SOCIAL GROUPS,16,GUNTUR,501,6493,490,6378,2,17,9,98,0,0
10.0-20.0,ALL SOCIAL GROUPS,17,PRAKASAM,1904,24010,1698,21464,88,1069,96,1220,22,258
10.0-20.0,ALL SOCIAL GROUPS,18,NELLORE,1767,22856,1653,21357,36,545,78,954,0,0
10.0-20.0,ALL SOCIAL GROUPS,19,KADAPA,823,10144,695,8570,65,811,63,763,0,0
10.0-20.0,ALL SOCIAL GROUPS,20,KURNOOL,3853,48661,3526,44548,207,2605,120,1509,0,0
10.0-20.0,ALL SOCIAL GROUPS,21,ANANTHAPUR,4002,52450,3613,47224,90,1240,192,2410,107,1577
10.0-20.0,ALL SOCIAL GROUPS,22,CHITTOOR,921,11917,808,10479,65,846,48,592,0,0
7.5-10.0,SCHEDULED CASTE,(1),(2),(3),(4),(5),(6),(7),(8),(9),(10),(11),(12)
7.5-10.0,SCHEDULED CASTE,1,ADILABAD,231,1967,225,1918,0,0,6,49,0,0
7.5-10.0,SCHEDULED CASTE,2,NIZAMABAD,18,153,18,153,0,0,0,0,0,0
7.5-10.0,SCHEDULED CASTE,3,KARIMNAGAR,37,311,37,311,0,0,0,0,0,0
7.5-10.0,SCHEDULED CASTE,4,MEDAK,65,554,65,554,0,0,0,0,0,0
7.5-10.0,SCHEDULED CASTE,5,RANGAREDDY,53,454,53,454,0,0,0,0,0,0
7.5-10.0,SCHEDULED CASTE,6,MAHABUBNAGAR,202,1717,167,1415,4,34,31,268,0,0
7.5-10.0,SCHEDULED CASTE,7,NALGONDA,64,542,64,542,0,0,0,0,0,0
7.5-10.0,SCHEDULED CASTE,8,WARANGAL,132,1128,132,1128,0,0,0,0,0,0
7.5-10.0,SCHEDULED CASTE,9,KHAMMAM,43,366,40,341,3,25,0,0,0,0
7.5-10.0,SCHEDULED CASTE,10,SRIKAKULAM,2,18,2,18,0,0,0,0,0,0
7.5-10.0,SCHEDULED CASTE,11,VIZIANAGARAM,15,129,15,129,0,0,0,0,0,0
7.5-10.0,SCHEDULED CASTE,12,VISAKHAPATNAM,6,54,6,54,0,0,0,0,0,0
7.5-10.0,SCHEDULED CASTE,13,EAST GODAVARI,18,155,18,155,0,0,0,0,0,0
7.5-10.0,SCHEDULED CASTE,14,WEST GODAVARI,26,217,15,127,0,0,11,90,0,0
7.5-10.0,SCHEDULED CASTE,15,KRISHNA,28,240,28,240,0,0,0,0,0,0
7.5-10.0,SCHEDULED CASTE,16,GUNTUR,48,409,47,400,1,9,0,0,0,0
7.5-10.0,SCHEDULED CASTE,17,PRAKASAM,52,434,50,417,0,0,2,17,0,0
7.5-10.0,SCHEDULED CASTE,18,NELLORE,43,364,43,364,0,0,0,0,0,0
7.5-10.0,SCHEDULED CASTE,19,KADAPA,11,95,10,87,1,8,0,0,0,0
7.5-10.0,SCHEDULED CASTE,20,KURNOOL,157,1329,118,987,16,141,23,201,0,0
7.5-10.0,SCHEDULED CASTE,21,ANANTHAPUR,88,755,88,755,0,0,0,0,0,0
7.5-10.0,SCHEDULED CASTE,22,CHITTOOR,19,164,19,164,0,0,0,0,0,0
