ALL CLASSES,SCHEDULED CASTE,1,ADILABAD,58,537,0,0,0,0,2,1,0,0,17,75,19,76
ALL CLASSES,SCHEDULED CASTE,2,NIZAMABAD,72,755,1,3,29,262,0,0,2,13,17,82,49,360
ALL CLASSES,SCHEDULED CASTE,3,KARIMNAGAR,25,354,2,2,12,121,5,16,0,0,0,0,17,139
ALL CLASSES,SCHEDULED CASTE,4,MEDAK,184,2730,0,0,37,860,0,0,38,71,4,2,79,933
ALL CLASSES,SCHEDULED CASTE,5,RANGAREDDY,145,1092,0,0,41,178,0,0,38,88,0,0,79,265
ALL CLASSES,SCHEDULED CASTE,6,MAHABUBNAGAR,14,452,0,0,1,9,0,0,0,0,0,0,1,9
ALL CLASSES,SCHEDULED CASTE,7,NALGONDA,135,2235,33,79,41,337,3,6,27,85,0,0,86,508
ALL CLASSES,SCHEDULED CASTE,8,WARANGAL,7,76,0,0,4,3,1,0,0,0,0,0,5,4
ALL CLASSES,SCHEDULED CASTE,9,KHAMMAM,160,2186,27,57,57,277,11,22,9,39,9,93,104,487
ALL CLASSES,SCHEDULED CASTE,10,SRIKAKULAM,508,4033,177,699,0,0,3,3,7,7,264,893,427,1602
ALL CLASSES,SCHEDULED CASTE,11,VIZIANAGARAM,107,1363,3,5,0,0,1,2,15,6,75,328,79,341
ALL CLASSES,SCHEDULED CASTE,12,VISAKHAPATNAM,211,1483,30,27,0,0,0,0,1,1,135,482,166,510
ALL CLASSES,SCHEDULED CASTE,13,EAST GODAVARI,836,3912,379,547,0,0,1,1,43,126,362,1384,769,2059
ALL CLASSES,SCHEDULED CASTE,14,WEST GODAVARI,776,3446,340,823,0,0,0,0,96,498,316,919,747,2240
ALL CLASSES,SCHEDULED CASTE,15,KRISHNA,25,180,0,0,0,0,1,4,3,9,4,10,6,23
ALL CLASSES,SCHEDULED CASTE,16,GUNTUR,759,8025,129,2155,0,0,0,0,31,174,252,1497,409,3826
ALL CLASSES,SCHEDULED CASTE,17,PRAKASAM,168,2040,1,2,0,0,0,0,4,24,22,125,27,152
ALL CLASSES,SCHEDULED CASTE,18,NELLORE,666,6792,136,440,0,0,6,37,34,202,387,1731,548,2410
ALL CLASSES,SCHEDULED CASTE,19,KADAPA,18,619,0,0,0,0,0,0,0,0,10,296,10,296
ALL CLASSES,SCHEDULED CASTE,20,KURNOOL,53,1619,9,54,0,0,0,0,3,11,13,89,25,153
ALL CLASSES,SCHEDULED CASTE,21,ANANTHAPUR,714,5821,54,98,0,0,0,0,18,25,21,37,92,160
ALL CLASSES,SCHEDULED CASTE,22,CHITTOOR,45,2173,0,0,0,0,0,0,2,3,11,685,13,688
ALL CLASSES,OTHERS,1,ADILABAD,328303,450198,18731,16190,24199,14285,16024,16681,14280,15537,12,105,69093,62798
ALL CLASSES,OTHERS,2,NIZAMABAD,371883,357578,81607,56145,22864,13527,4971,3394,126534,117424,50,341,220644,190831
ALL CLASSES,OTHERS,3,KARIMNAGAR,546409,559792,123779,74686,28937,20222,267739,264603,8013,9501,3306,5183,383568,374195
ALL CLASSES,OTHERS,4,MEDAK,541557,548966,6235,2138,30466,12980,14703,10112,147424,118202,4929,3616,195026,147048
ALL CLASSES,OTHERS,5,RANGAREDDY,259983,337733,4172,3517,3453,1460,9444,7284,57288,41537,782,934,73155,54732
ALL CLASSES,OTHERS,6,MAHABUBNAGAR,761838,988683,46103,46678,9871,7520,7905,8026,153250,162965,16445,16924,229231,242112
ALL CLASSES,OTHERS,7,NALGONDA,585344,754808,114483,103662,14795,8696,36419,32946,139213,121104,5257,5817,298227,272225
ALL CLASSES,OTHERS,8,WARANGAL,474526,506312,5339,7824,57522,40227,231800,207134,13040,12227,5839,4880,305963,272290
ALL CLASSES,OTHERS,9,KHAMMAM,267298,324091,67810,61271,43482,35864,26401,29748,20866,24889,13376,11708,159914,163480
ALL CLASSES,OTHERS,10,SRIKAKULAM,461825,307914,238891,148555,98133,52272,9015,4494,7836,5252,6452,3902,354504,214475
ALL CLASSES,OTHERS,11,VIZIANAGARAM,385619,292697,49312,32230,197590,85875,18819,8902,13873,13496,1546,1859,266028,142363
ALL CLASSES,OTHERS,12,VISAKHAPATNAM,355558,218042,108230,53303,115108,52049,18322,7370,15305,6410,5514,3559,256840,122692
ALL CLASSES,OTHERS,13,EAST GODAVARI,591563,393393,317644,170424,49339,36348,1545,1223,81785,61537,12199,8856,453522,278388
ALL CLASSES,OTHERS,14,WEST GODAVARI,496068,416957,273864,179774,12173,10467,3501,2562,165389,177277,18170,13473,470515,383554
ALL CLASSES,OTHERS,15,KRISHNA,488069,471806,287813,235076,22709,16942,4824,4519,44660,48053,17495,14343,373891,318933
ALL CLASSES,OTHERS,16,GUNTUR,685605,643418,369742,313793,3555,4483,3650,2903,62048,66752,18216,15253,456713,403184
ALL CLASSES,OTHERS,17,PRAKASAM,583508,770930,54844,57124,29918,20138,2675,2914,80173,88411,25606,12297,189785,180884
ALL CLASSES,OTHERS,18,NELLORE,342982,404532,100235,89859,108008,80319,13248,14365,35399,44875,7149,5993,258308,235411
ALL CLASSES,OTHERS,19,KADAPA,393236,502650,37642,25019,14213,8519,11581,8788,107093,97544,1139,1277,168701,141147
ALL CLASSES,OTHERS,20,KURNOOL,544022,945171,102605,116295,11199,11328,14615,22569,35284,43347,9895,12973,168184,206512
ALL CLASSES,OTHERS,21,ANANTHAPUR,626250,1141597,22253,25820,7570,4364,5190,5504,99214,116016,917,882,129585,152586
ALL CLASSES,OTHERS,22,CHITTOOR,561836,555463,10781,9249,33878,15554,36436,23699,145096,107015,1802,1644,216648,157161
ALL CLASSES,SCHEDULED TRIBES,1,ADILABAD,111340,187245,2307,1821,2021,1332,1917,1925,1265,1253,23,134,7374,6464
ALL CLASSES,SCHEDULED TRIBES,2,NIZAMABAD,38982,33612,11126,7805,2165,991,563,376,11274,9568,10,77,24686,18817
ALL CLASSES,SCHEDULED TRIBES,3,KARIMNAGAR,19332,16651,3178,1834,3113,1884,6333,5193,228,154,15,89,11839,9153
ALL CLASSES,SCHEDULED TRIBES,4,MEDAK,35100,36362,194,77,1892,1000,430,222,10236,6822,10,60,12000,8182
ALL CLASSES,SCHEDULED TRIBES,5,RANGAREDDY,29498,32328,576,433,857,508,816,499,6788,5344,22,134,8974,6918
ALL CLASSES,SCHEDULED TRIBES,6,MAHABUBNAGAR,90948,97770,2645,1972,2159,1652,942,564,16691,13019,26,250,22279,17458
ALL CLASSES,SCHEDULED TRIBES,7,NALGONDA,84584,84019,15362,10370,4259,2930,2393,1596,16392,10732,32,160,37461,25788
ALL CLASSES,SCHEDULED TRIBES,8,WARANGAL,106316,102576,1308,1477,14686,10629,48780,41901,3205,1986,116,667,67028,56659
ALL CLASSES,SCHEDULED TRIBES,9,KHAMMAM,156327,180118,9744,7607,30045,21063,9036,7342,9088,9946,52,264,56450,46222
ALL CLASSES,SCHEDULED TRIBES,10,SRIKAKULAM,36050,26845,6397,3322,6792,3757,159,76,54,21,1073,527,14412,7701
ALL CLASSES,SCHEDULED TRIBES,11,VIZIANAGARAM,39185,36850,1193,732,6196,3947,140,69,301,297,2473,2248,10099,7293
ALL CLASSES,SCHEDULED TRIBES,12,VISAKHAPATNAM,108507,174416,3230,2232,4861,2649,412,302,135,108,44774,39091,53280,44383
ALL CLASSES,SCHEDULED TRIBES,13,EAST GODAVARI,43952,81435,3655,1590,9255,11922,47,20,763,933,1417,1100,15035,15565
ALL CLASSES,SCHEDULED TRIBES,14,WEST GODAVARI,20810,24157,910,359,1561,1374,64,27,9232,11561,547,493,12298,13815
ALL CLASSES,SCHEDULED TRIBES,15,KRISHNA,12631,9287,3485,1963,1697,814,201,109,1152,644,441,278,6954,3809
ALL CLASSES,SCHEDULED TRIBES,16,GUNTUR,21028,18891,5999,3859,1521,989,67,45,5582,5891,574,418,13727,11201
ALL CLASSES,SCHEDULED TRIBES,17,PRAKASAM,13818,12384,2066,1466,867,456,18,8,2192,2030,513,220,5621,4180
ALL CLASSES,SCHEDULED TRIBES,18,NELLORE,24706,14318,7104,3225,8845,3858,1291,883,1943,1254,991,372,19844,9592
ALL CLASSES,SCHEDULED TRIBES,19,KADAPA,8527,7573,506,287,1090,517,124,75,1564,952,33,31,3306,1863
ALL CLASSES,SCHEDULED TRIBES,20,KURNOOL,12331,16423,1495,999,606,455,398,527,867,884,136,173,3457,3039
ALL CLASSES,SCHEDULED TRIBES,21,ANANTHAPUR,29469,42531,164,118,264,238,215,197,3176,3425,13,14,3744,3992
ALL CLASSES,SCHEDULED TRIBES,22,CHITTOOR,16039,12322,783,385,2084,901,661,280,2347,1330,38,34,5747,2930
ALL CLASSES,ALL SOCIAL GROUPS,1,ADILABAD,519995,728579,24170,20086,32037,18599,21091,21281,17331,18304,256,469,90002,78739
ALL CLASSES,ALL SOCIAL GROUPS,2,NIZAMABAD,473528,434476,106198,69800,29981,16624,6353,4153,158191,140554,1149,1103,282556,232234
ALL CLASSES,ALL SOCIAL GROUPS,3,KARIMNAGAR,662345,638690,147870,84628,37366,24381,311907,296185,9081,10329,4290,6113,455606,421636
ALL CLASSES,ALL SOCIAL GROUPS,4,MEDAK,684543,662932,7303,2530,38411,16487,17802,11706,179010,137626,5681,4308,237919,172658
ALL CLASSES,ALL SOCIAL GROUPS,5,RANGAREDDY,342671,419634,5080,4038,4858,2250,11986,8823,71895,51013,980,1477,92438,67600
ALL CLASSES,ALL SOCIAL GROUPS,6,MAHABUBNAGAR,982314,1204862,55019,52948,14030,9951,9858,9262,187784,190855,17753,18313,279624,281330
ALL CLASSES,ALL SOCIAL GROUPS,7,NALGONDA,757188,904236,143883,121404,21674,12835,42544,36866,171633,140892,6003,7006,372221,319003
ALL CLASSES,ALL SOCIAL GROUPS,8,WARANGAL,663061,667311,6878,9486,80497,55007,314444,270447,17996,15155,6808,6911,417189,357007
ALL CLASSES,ALL SOCIAL GROUPS,9,KHAMMAM,468337,536105,88563,74241,80057,60331,38285,38998,32045,36191,15717,13869,240433,223629
ALL CLASSES,ALL SOCIAL GROUPS,10,SRIKAKULAM,525870,349412,258109,156477,110132,57765,9332,4620,8438,5509,8120,5644,388075,230015
ALL CLASSES,ALL SOCIAL GROUPS,11,VIZIANAGARAM,446841,342484,52651,33929,211532,92506,20121,9376,14476,14026,4513,4904,287644,154740
ALL CLASSES,ALL SOCIAL GROUPS,12,VISAKHAPATNAM,474738,400083,114138,56571,123779,56254,19275,7899,15566,6572,50739,43452,317676,170748
ALL CLASSES,ALL SOCIAL GROUPS,13,EAST GODAVARI,698714,501366,351925,181700,61908,49624,1798,1346,88477,64491,15120,12156,509563,309318
ALL CLASSES,ALL SOCIAL GROUPS,14,WEST GODAVARI,565831,470051,291684,187106,18055,13804,4028,2702,197114,202831,20147,16018,528339,422461
ALL CLASSES,ALL SOCIAL GROUPS,15,KRISHNA,551567,508413,317327,248380,28303,19338,5232,4768,51626,51708,20002,16244,418656,340438
ALL CLASSES,ALL SOCIAL GROUPS,16,GUNTUR,760648,701404,402966,333226,5548,5670,4014,3083,73406,76304,20688,19048,506089,437331
ALL CLASSES,ALL SOCIAL GROUPS,17,PRAKASAM,670553,847508,62151,61573,35702,22314,3066,3264,92543,99036,27638,13664,217435,199851
ALL CLASSES,ALL SOCIAL GROUPS,18,NELLORE,457015,478919,133088,105315,149539,98252,18148,17644,43979,50888,10274,9250,348339,281348
ALL CLASSES,ALL SOCIAL GROUPS,19,KADAPA,441306,542399,41235,26619,16408,9540,12290,9213,120506,106363,1417,1874,188751,153609
ALL CLASSES,ALL SOCIAL GROUPS,20,KURNOOL,632902,1050086,119649,128673,13579,12993,16914,24848,40138,47774,11893,15164,196263,229453
ALL CLASSES,ALL SOCIAL GROUPS,21,ANANTHAPUR,727951,1278010,24963,27916,8027,4670,5692,5891,109015,124936,1006,1002,142799,164416
ALL CLASSES,ALL SOCIAL GROUPS,22,CHITTOOR,667182,626306,16656,12281,43847,19231,43923,27451,162087,115725,2428,2943,256392,177632
20.0 & ABOVE,SCHEDULED CASTE,1,ADILABAD,17,599,0,0,0,0,1,21,0,0,0,0,1,21
20.0 & ABOVE,SCHEDULED CASTE,2,NIZAMABAD,0,0,0,0,0,0,0,0,0,0,0,0,0,0
20.0 & ABOVE,SCHEDULED CASTE,3,KARIMNAGAR,8,200,0,0,0,0,0,0,0,0,4,54,4,54
20.0 & ABOVE,SCHEDULED CASTE,4,MEDAK,6,221,0,0,0,0,0,0,1,2,0,0,1,2
20.0 & ABOVE,SCHEDULED CASTE,5,RANGAREDDY,8,242,0,0,0,0,0,0,0,0,1,12,1,12
20.0 & ABOVE,SCHEDULED CASTE,6,MAHABUBNAGAR,18,660,0,0,0,0,0,0,0,0,2,32,2,32
20.0 & ABOVE,SCHEDULED CASTE,7,NALGONDA,3,89,0,0,0,0,0,0,0,0,2,34,2,34
20.0 & ABOVE,SCHEDULED CASTE,8,WARANGAL,36,1502,0,0,3,6,3,25,0,0,13,302,16,334
20.0 & ABOVE,SCHEDULED CASTE,9,KHAMMAM,4,173,0,0,0,0,0,0,0,0,3,62,3,62
20.0 & ABOVE,SCHEDULED CASTE,10,SRIKAKULAM,1,43,0,0,0,0,0,0,0,0,1,21,1,21
20.0 & ABOVE,SCHEDULED CASTE,11,VIZIANAGARAM,0,0,0,0,0,0,0,0,0,0,0,0,0,0
20.0 & ABOVE,SCHEDULED CASTE,12,VISAKHAPATNAM,0,0,0,0,0,0,0,0,0,0,0,0,0,0
20.0 & ABOVE,SCHEDULED CASTE,13,EAST GODAVARI,2,41,0,0,0,0,0,0,0,0,2,21,2,21
20.0 & ABOVE,SCHEDULED CASTE,14,WEST GODAVARI,2,62,0,0,0,0,0,0,0,0,1,14,1,14
20.0 & ABOVE,SCHEDULED CASTE,15,KRISHNA,10,298,0,0,0,0,0,0,0,0,6,86,6,86
20.0 & ABOVE,SCHEDULED CASTE,16,GUNTUR,7,147,0,0,0,0,0,0,0,0,7,74,7,74
20.0 & ABOVE,SCHEDULED CASTE,17,PRAKASAM,6,183,0,0,0,0,0,0,0,0,2,31,2,31
20.0 & ABOVE,SCHEDULED CASTE,18,NELLORE,1,27,0,0,0,0,0,0,0,0,1,14,1,14
20.0 & ABOVE,SCHEDULED CASTE,19,KADAPA,1,24,0,0,0,0,0,0,0,0,0,0,0,0
20.0 & ABOVE,SCHEDULED CASTE,20,KURNOOL,9,351,0,0,0,0,0,0,0,0,2,23,2,23
20.0 & ABOVE,SCHEDULED CASTE,21,ANANTHAPUR,11,286,0,0,0,0,0,0,0,0,0,0,0,0
20.0 & ABOVE,SCHEDULED CASTE,22,CHITTOOR,9,314,2,38,0,0,0,0,1,19,2,29,4,86
20.0 & ABOVE,OTHERS,1,ADILABAD,234,8200,5,130,7,42,17,122,5,12,4,58,32,364
20.0 & ABOVE,OTHERS,2,NIZAMABAD,35,999,1,32,2,57,0,0,8,57,7,90,18,236
20.0 & ABOVE,OTHERS,3,KARIMNAGAR,131,4390,3,218,10,333,19,258,1,5,74,1025,105,1839
20.0 & ABOVE,OTHERS,4,MEDAK,215,6419,0,0,6,61,0,0,53,730,22,285,81,1076
20.0 & ABOVE,OTHERS,5,RANGAREDDY,149,4313,0,0,13,279,15,19,53,111,21,262,94,672
20.0 & ABOVE,OTHERS,6,MAHABUBNAGAR,341,10275,3,8,15,360,13,62,108,571,28,345,159,1347
20.0 & ABOVE,OTHERS,7,NALGONDA,159,5109,3,9,2,150,42,132,67,501,36,448,120,1241
20.0 & ABOVE,OTHERS,8,WARANGAL,287,9234,4,17,25,89,69,811,0,0,35,515,109,1433
20.0 & ABOVE,OTHERS,9,KHAMMAM,159,6578,3,142,30,674,50,181,77,600,42,66,115,1663
20.0 & ABOVE,OTHERS,10,SRIKAKULAM,57,2182,15,313,8,356,0,0,0,0,23,337,46,1006
20.0 & ABOVE,OTHERS,11,VIZIANAGARAM,79,2539,0,0,16,208,5,15,5,32,38,499,59,755
20.0 & ABOVE,OTHERS,12,VISAKHAPATNAM,31,942,7,224,7,130,0,0,0,0,8,97,22,451
20.0 & ABOVE,OTHERS,13,EAST GODAVARI,64,1887,1,2,10,79,1,4,3,71,33,440,47,595
20.0 & ABOVE,OTHERS,14,WEST GODAVARI,48,1659,1,54,8,175,0,0,12,411,21,275,42,916
20.0 & ABOVE,OTHERS,15,KRISHNA,59,1884,6,139,1,22,1,4,13,264,21,259,42,688
20.0 & ABOVE,OTHERS,16,GUNTUR,38,1206,0,0,5,117,0,0,0,0,20,256,25,374
20.0 & ABOVE,OTHERS,17,PRAKASAM,151,4347,8,76,13,89,0,0,21,85,22,200,54,450
20.0 & ABOVE,OTHERS,18,NELLORE,157,4883,0,0,39,724,4,82,8,112,33,419,83,1338
20.0 & ABOVE,OTHERS,19,KADAPA,43,1709,0,0,6,211,0,0,2,32,5,61,13,303
20.0 & ABOVE,OTHERS,20,KURNOOL,235,8707,23,257,13,82,6,12,25,132,33,389,83,872
20.0 & ABOVE,OTHERS,21,ANANTHAPUR,367,11401,7,97,0,0,4,4,138,946,10,146,148,1193
20.0 & ABOVE,OTHERS,22,CHITTOOR,123,3571,0,0,1,4,2,11,25,101,14,211,41,327
20.0 & ABOVE,SCHEDULED TRIBES,1,ADILABAD,93,2715,0,0,1,2,1,2,0,0,1,12,2,16
20.0 & ABOVE,SCHEDULED TRIBES,2,NIZAMABAD,2,67,0,0,0,0,0,0,0,0,2,33,2,33
20.0 & ABOVE,SCHEDULED TRIBES,3,KARIMNAGAR,3,92,0,0,0,0,0,0,0,0,2,25,2,25
20.0 & ABOVE,SCHEDULED TRIBES,4,MEDAK,3,113,0,0,0,0,0,0,0,0,0,0,0,0
20.0 & ABOVE,SCHEDULED TRIBES,5,RANGAREDDY,8,253,0,0,0,0,0,0,1,4,1,22,2,26
20.0 & ABOVE,SCHEDULED TRIBES,6,MAHABUBNAGAR,16,622,0,0,0,0,0,0,0,0,5,137,5,137
20.0 & ABOVE,SCHEDULED TRIBES,7,NALGONDA,3,89,0,0,0,0,1,1,0,0,0,0,1,1
20.0 & ABOVE,SCHEDULED TRIBES,8,WARANGAL,23,627,0,0,0,0,0,0,0,0,8,130,8,130
20.0 & ABOVE,SCHEDULED TRIBES,9,KHAMMAM,37,999,1,2,1,6,0,0,27,364,2,24,29,397
20.0 & ABOVE,SCHEDULED TRIBES,10,SRIKAKULAM,1,21,0,0,0,0,0,0,0,0,0,0,0,0
20.0 & ABOVE,SCHEDULED TRIBES,11,VIZIANAGARAM,3,67,1,6,0,0,0,0,0,0,0,0,1,6
20.0 & ABOVE,SCHEDULED TRIBES,12,VISAKHAPATNAM,42,1049,0,0,0,0,0,0,0,0,17,140,17,140
20.0 & ABOVE,SCHEDULED TRIBES,13,EAST GODAVARI,25,664,0,0,10,104,0,0,0,0,9,40,19,144
20.0 & ABOVE,SCHEDULED TRIBES,14,WEST GODAVARI,4,406,0,0,0,0,0,0,3,270,1,68,4,338
20.0 & ABOVE,SCHEDULED TRIBES,15,KRISHNA,0,0,0,0,0,0,0,0,0,0,0,0,0,0
20.0 & ABOVE,SCHEDULED TRIBES,16,GUNTUR,0,0,0,0,0,0,0,0,0,0,0,0,0,0
20.0 & ABOVE,SCHEDULED TRIBES,17,PRAKASAM,0,0,0,0,0,0,0,0,0,0,0,0,0,0
20.0 & ABOVE,SCHEDULED TRIBES,18,NELLORE,2,63,0,0,0,0,0,0,0,0,2,31,2,31
20.0 & ABOVE,SCHEDULED TRIBES,19,KADAPA,1,41,0,0,0,0,0,0,0,0,0,0,0,0
20.0 & ABOVE,SCHEDULED TRIBES,20,KURNOOL,2,58,0,0,0,0,0,0,0,0,0,0,0,0
20.0 & ABOVE,SCHEDULED TRIBES,21,ANANTHAPUR,4,103,0,0,0,0,0,0,1,10,0,0,1,10
20.0 & ABOVE,SCHEDULED TRIBES,22,CHITTOOR,0,0,0,0,0,0,0,0,0,0,0,0,0,0
20.0 & ABOVE,ALL SOCIAL GROUPS,1,ADILABAD,350,11906,5,130,8,44,19,146,5,12,8,131,38,462
20.0 & ABOVE,ALL SOCIAL GROUPS,2,NIZAMABAD,47,1591,1,32,10,260,0,0,8,57,11,184,30,532
20.0 & ABOVE,ALL SOCIAL GROUPS,3,KARIMNAGAR,146,4950,5,220,12,426,21,269,1,5,80,1104,115,2024
20.0 & ABOVE,ALL SOCIAL GROUPS,4,MEDAK,240,8764,0,0,12,856,0,0,56,750,22,285,90,1891
20.0 & ABOVE,ALL SOCIAL GROUPS,5,RANGAREDDY,175,5127,0,0,18,365,15,19,55,116,23,296,103,796
20.0 & ABOVE,ALL SOCIAL GROUPS,6,MAHABUBNAGAR,379,11934,3,8,15,360,13,62,108,571,35,514,166,1516
20.0 & ABOVE,ALL SOCIAL GROUPS,7,NALGONDA,195,7065,17,19,10,435,43,133,81,564,38,482,145,1634
20.0 & ABOVE,ALL SOCIAL GROUPS,8,WARANGAL,347,11428,4,17,28,95,72,837,0,0,56,947,133,1897
20.0 & ABOVE,ALL SOCIAL GROUPS,9,KHAMMAM,212,9260,4,144,36,813,50,181,107,987,48,230,156,2355
20.0 & ABOVE,ALL SOCIAL GROUPS,10,SRIKAKULAM,100,4395,23,601,8,356,3,3,3,6,50,727,78,1692
20.0 & ABOVE,ALL SOCIAL GROUPS,11,VIZIANAGARAM,99,3363,1,6,16,208,5,15,13,35,52,667,74,930
20.0 & ABOVE,ALL SOCIAL GROUPS,12,VISAKHAPATNAM,83,2857,7,224,7,130,0,0,0,0,28,523,42,877
20.0 & ABOVE,ALL SOCIAL GROUPS,13,EAST GODAVARI,134,4565,4,25,20,183,1,4,6,105,70,1311,98,1628
20.0 & ABOVE,ALL SOCIAL GROUPS,14,WEST GODAVARI,80,3038,5,127,8,175,0,0,20,855,38,629,71,1787
20.0 & ABOVE,ALL SOCIAL GROUPS,15,KRISHNA,72,2274,6,139,1,22,1,4,13,264,27,344,48,773
20.0 & ABOVE,ALL SOCIAL GROUPS,16,GUNTUR,117,5694,24,1543,5,117,0,0,0,0,57,1276,86,2937
20.0 & ABOVE,ALL SOCIAL GROUPS,17,PRAKASAM,188,5877,8,76,13,89,0,0,25,110,28,304,64,578
20.0 & ABOVE,ALL SOCIAL GROUPS,18,NELLORE,238,9420,7,149,39,724,5,116,16,281,71,1362,134,2632
20.0 & ABOVE,ALL SOCIAL GROUPS,19,KADAPA,50,2355,0,0,6,211,0,0,2,32,10,351,18,593
20.0 & ABOVE,ALL SOCIAL GROUPS,20,KURNOOL,261,10470,23,257,13,82,6,12,25,132,38,460,88,944
20.0 & ABOVE,ALL SOCIAL GROUPS,21,ANANTHAPUR,424,14504,7,97,0,0,4,4,139,956,11,160,150,1217
20.0 & ABOVE,ALL SOCIAL GROUPS,22,CHITTOOR,148,5839,2,38,1,4,2,11,28,124,21,901,52,1078
Below 0.5,SCHEDULED CASTE,1,ADILABAD,27860,7194,1502,400,2922,724,831,236,456,129,48,10,5708,1500
Below 0.5,SCHEDULED CASTE,2,NIZAMABAD,32389,9171,8807,2425,2833,671,247,60,6927,1982,237,47,18394,5186
Below 0.5,SCHEDULED CASTE,3,KARIMNAGAR,53893,13581,13465,3104,2696,646,13140,4004,256,70,28,10,28998,7834
Below 0.5,SCHEDULED CASTE,4,MEDAK,54402,13355,635,172,3750,613,794,212,6392,1489,271,92,11800,2578
Below 0.5,SCHEDULED CASTE,5,RANGAREDDY,20453,5653,229,39,173,18,342,78,2548,579,14,4,3253,719
Below 0.5,SCHEDULED CASTE,6,MAHABUBNAGAR,52850,13806,2811,784,1126,183,337,83,3541,1065,564,171,8364,2288
Below 0.5,SCHEDULED CASTE,7,NALGONDA,44621,11269,8179,2058,1721,344,1149,339,5674,1481,180,58,16828,4279
Below 0.5,SCHEDULED CASTE,8,WARANGAL,46586,11541,95,30,4458,1069,15393,4022,961,232,195,74,21077,5427
Below 0.5,SCHEDULED CASTE,9,KHAMMAM,25926,6764,7020,1700,3963,897,1225,330,1011,244,841,257,13939,3429
Below 0.5,SCHEDULED CASTE,10,SRIKAKULAM,20820,4478,10234,2038,3971,867,112,25,345,71,67,18,14664,3020
Below 0.5,SCHEDULED CASTE,11,VIZIANAGARAM,14612,3369,1405,312,5005,956,801,189,51,14,73,19,7303,1490
Below 0.5,SCHEDULED CASTE,12,VISAKHAPATNAM,6496,1686,1920,429,2461,547,291,58,85,17,31,8,4773,1059
Below 0.5,SCHEDULED CASTE,13,EAST GODAVARI,50970,10531,24530,5110,2423,595,54,15,4770,989,578,137,32132,6846
Below 0.5,SCHEDULED CASTE,14,WEST GODAVARI,32978,8154,13090,2921,3045,720,430,85,13671,3675,342,117,30541,7518
Below 0.5,SCHEDULED CASTE,15,KRISHNA,34744,8463,19129,4321,2726,628,99,31,3742,942,1077,350,26756,6272
Below 0.5,SCHEDULED CASTE,16,GUNTUR,34152,9038,18443,4671,292,65,204,55,3254,806,595,198,22785,5796
Below 0.5,SCHEDULED CASTE,17,PRAKASAM,33565,9327,3084,905,3058,477,97,29,2921,775,934,255,10035,2442
Below 0.5,SCHEDULED CASTE,18,NELLORE,52898,13439,17414,4126,20882,4656,1733,460,2954,756,1264,371,44216,10370
Below 0.5,SCHEDULED CASTE,19,KADAPA,15238,4442,1725,454,569,130,177,42,4139,1155,54,21,6662,1801
Below 0.5,SCHEDULED CASTE,20,KURNOOL,21154,6841,6827,1993,640,196,527,174,1127,354,539,195,9645,2912
Below 0.5,SCHEDULED CASTE,21,ANANTHAPUR,15192,4823,765,232,69,15,64,15,1130,326,12,4,2001,592
Below 0.5,SCHEDULED CASTE,22,CHITTOOR,48943,12497,3157,804,4345,850,3103,750,6242,1379,153,52,16862,3835
Below 0.5,OTHERS,1,ADILABAD,97929,25117,6506,1951,11844,2778,3614,1059,2416,670,0,0,24275,6458
Below 0.5,OTHERS,2,NIZAMABAD,143661,38735,37230,9552,9990,2466,764,219,28192,7897,0,0,74976,20135
Below 0.5,OTHERS,3,KARIMNAGAR,212595,55466,52842,13156,9801,2574,55568,16873,780,213,610,214,117874,33029
Below 0.5,OTHERS,4,MEDAK,224181,54025,4003,894,15082,2896,2662,640,33274,7625,1726,427,56535,12482
Below 0.5,OTHERS,5,RANGAREDDY,78342,22304,1822,462,919,106,1318,306,11875,2944,302,71,15955,3890
Below 0.5,OTHERS,6,MAHABUBNAGAR,242235,61655,13641,3770,3409,695,1265,281,20085,5809,5787,1342,44083,11897
Below 0.5,OTHERS,7,NALGONDA,182175,49350,41422,11555,7224,1574,4803,1482,19788,5815,1362,405,74359,20831
Below 0.5,OTHERS,8,WARANGAL,192585,47874,1468,444,24783,6211,70725,18839,3376,900,1613,390,101856,26783
Below 0.5,OTHERS,9,KHAMMAM,92362,26551,23155,6698,15756,4315,5432,1564,4087,1219,4609,1315,52638,15111
Below 0.5,OTHERS,10,SRIKAKULAM,270668,63781,136495,32269,54234,12175,4087,807,3546,882,3103,712,200455,46845
Below 0.5,OTHERS,11,VIZIANAGARAM,213638,48037,24750,6054,106259,19562,7735,1287,2371,663,701,196,141248,27762
Below 0.5,OTHERS,12,VISAKHAPATNAM,219266,51993,67003,14640,72708,15511,9650,1595,10363,2404,2726,607,161027,34757
Below 0.5,OTHERS,13,EAST GODAVARI,360241,89144,202401,48775,24503,6704,577,157,39932,10365,7165,1902,272854,67903
Below 0.5,OTHERS,14,WEST GODAVARI,257762,69196,160836,41657,6344,1766,2054,548,67481,19250,9752,2637,245878,65859
Below 0.5,OTHERS,15,KRISHNA,215688,61230,140547,39628,10537,2884,1351,350,15503,4504,7931,2206,175786,49573
Below 0.5,OTHERS,16,GUNTUR,283640,84223,163075,46785,761,275,1528,453,21848,6211,7125,2159,194330,55882
Below 0.5,OTHERS,17,PRAKASAM,175366,50662,16254,5238,11861,2860,320,86,14153,3759,11785,2385,54264,14328
Below 0.5,OTHERS,18,NELLORE,130240,34378,42139,11137,51146,12353,3527,947,8098,2261,3074,834,107893,27534
Below 0.5,OTHERS,19,KADAPA,105204,29988,16174,4707,5404,1392,1506,400,27101,7279,342,105,50415,13883
Below 0.5,OTHERS,20,KURNOOL,99234,31717,31159,9272,2778,884,1580,513,5105,1509,1931,624,42498,12801
Below 0.5,OTHERS,21,ANANTHAPUR,88872,27405,4125,1378,852,174,307,82,9400,2633,6,2,14539,4270
Below 0.5,OTHERS,22,CHITTOOR,222355,57027,4058,1045,15126,3083,10848,2464,32091,7471,742,164,62297,14226
Below 0.5,SCHEDULED TRIBES,1,ADILABAD,18221,5142,824,272,987,249,556,186,254,90,0,0,2617,797
Below 0.5,SCHEDULED TRIBES,2,NIZAMABAD,13086,4026,4506,1335,1291,312,184,60,2264,678,0,0,8172,2386
Below 0.5,SCHEDULED TRIBES,3,KARIMNAGAR,7879,2178,1514,371,914,193,1383,454,83,20,0,0,3797,1038
Below 0.5,SCHEDULED TRIBES,4,MEDAK,10735,3088,44,10,592,140,188,36,2155,571,0,0,2963,756
Below 0.5,SCHEDULED TRIBES,5,RANGAREDDY,8541,2593,188,55,234,40,53,11,1396,407,0,0,1869,513
Below 0.5,SCHEDULED TRIBES,6,MAHABUBNAGAR,29640,8141,947,284,769,176,164,34,2768,840,0,0,4646,1333
Below 0.5,SCHEDULED TRIBES,7,NALGONDA,29377,8601,6157,1807,1659,338,601,199,3752,1191,0,0,12152,3535
Below 0.5,SCHEDULED TRIBES,8,WARANGAL,41606,11120,345,113,5583,1428,16070,4416,1205,354,0,0,23182,6312
Below 0.5,SCHEDULED TRIBES,9,KHAMMAM,51817,15218,3772,1112,10156,2817,2984,757,1583,506,0,0,18465,5192
Below 0.5,SCHEDULED TRIBES,10,SRIKAKULAM,17337,4479,3562,853,2984,673,104,24,40,11,348,70,7009,1631
Below 0.5,SCHEDULED TRIBES,11,VIZIANAGARAM,16594,4372,593,175,2587,578,50,13,20,6,688,206,3936,978
Below 0.5,SCHEDULED TRIBES,12,VISAKHAPATNAM,29040,7853,1211,268,2304,326,108,33,21,5,9599,2244,13229,2875
Below 0.5,SCHEDULED TRIBES,13,EAST GODAVARI,10200,2756,2481,562,1906,491,38,10,215,49,153,44,4755,1156
Below 0.5,SCHEDULED TRIBES,14,WEST GODAVARI,8225,2367,720,175,642,129,49,15,3377,1033,249,65,5033,1417
Below 0.5,SCHEDULED TRIBES,15,KRISHNA,6829,1945,2380,696,967,263,71,24,659,157,260,67,4334,1206
Below 0.5,SCHEDULED TRIBES,16,GUNTUR,8164,2447,3360,942,508,85,25,8,1188,388,278,95,5357,1518
Below 0.5,SCHEDULED TRIBES,17,PRAKASAM,5743,1724,793,289,494,96,15,4,598,104,365,57,2262,550
Below 0.5,SCHEDULED TRIBES,18,NELLORE,15233,4040,4841,1174,5622,1387,611,181,823,227,884,200,12757,3169
Below 0.5,SCHEDULED TRIBES,19,KADAPA,2865,833,247,74,463,98,0,0,605,152,3,1,1311,325
Below 0.5,SCHEDULED TRIBES,20,KURNOOL,2865,921,722,233,179,46,51,18,128,44,2,1,1078,343
Below 0.5,SCHEDULED TRIBES,21,ANANTHAPUR,4431,1429,56,19,72,21,4,1,257,77,0,0,387,118
Below 0.5,SCHEDULED TRIBES,22,CHITTOOR,7092,2022,508,138,848,207,332,78,775,178,11,3,2458,604
Below 0.5,ALL SOCIAL GROUPS,1,ADILABAD,144024,37457,8832,2623,15753,3752,5001,1481,3126,889,52,10,32604,8756
Below 0.5,ALL SOCIAL GROUPS,2,NIZAMABAD,189151,51936,50543,13313,14116,3451,1195,340,37383,10557,242,47,101549,27708
Below 0.5,ALL SOCIAL GROUPS,3,KARIMNAGAR,274368,71226,67821,16631,13411,3412,70091,21331,1119,303,638,224,150669,41902
Below 0.5,ALL SOCIAL GROUPS,4,MEDAK,289341,70477,4682,1076,19428,3649,3644,888,41825,9685,2000,520,71309,15819
Below 0.5,ALL SOCIAL GROUPS,5,RANGAREDDY,107339,30551,2239,556,1326,164,1713,396,15819,3930,316,76,21077,5121
Below 0.5,ALL SOCIAL GROUPS,6,MAHABUBNAGAR,324726,83602,17399,4838,5304,1054,1766,398,26394,7714,6351,1514,57093,15517
Below 0.5,ALL SOCIAL GROUPS,7,NALGONDA,256198,69226,55762,15422,10614,2257,6553,2020,29216,8487,1542,463,103355,28648
Below 0.5,ALL SOCIAL GROUPS,8,WARANGAL,280779,70536,1908,587,34826,8708,102188,27278,5542,1485,1808,464,146117,38522
Below 0.5,ALL SOCIAL GROUPS,9,KHAMMAM,170114,48535,33950,9511,29875,8029,9642,2651,6681,1970,5452,1573,85048,23734
Below 0.5,ALL SOCIAL GROUPS,10,SRIKAKULAM,308866,72753,150312,35168,61189,13715,4303,856,3931,965,3530,803,222161,51507
Below 0.5,ALL SOCIAL GROUPS,11,VIZIANAGARAM,244848,55780,26748,6540,113851,21096,8586,1489,2442,683,1463,422,152488,30230
Below 0.5,ALL SOCIAL GROUPS,12,VISAKHAPATNAM,254854,61546,70148,15339,77473,16384,10049,1686,10469,2426,12391,2864,179078,38699
Below 0.5,ALL SOCIAL GROUPS,13,EAST GODAVARI,421667,102491,229578,54482,28832,7790,669,182,44922,11405,7973,2092,309989,75951
Below 0.5,ALL SOCIAL GROUPS,14,WEST GODAVARI,299108,79758,174761,44785,10031,2615,2533,649,84537,23960,10358,2821,281590,74830
Below 0.5,ALL SOCIAL GROUPS,15,KRISHNA,257268,71639,162056,44645,14230,3775,1521,405,19904,5603,9269,2623,206877,57051
Below 0.5,ALL SOCIAL GROUPS,16,GUNTUR,325972,95713,184884,52399,1561,425,1757,516,26292,7406,7999,2452,222481,63198
Below 0.5,ALL SOCIAL GROUPS,17,PRAKASAM,214682,61716,20131,6432,15413,3433,432,120,17672,4638,13084,2698,66561,17321
Below 0.5,ALL SOCIAL GROUPS,18,NELLORE,198408,51866,64405,16440,77650,18396,5872,1589,11877,3246,5241,1409,164899,41080
Below 0.5,ALL SOCIAL GROUPS,19,KADAPA,123309,35264,18146,5235,6436,1619,1683,441,31845,8586,400,128,58389,16009
Below 0.5,ALL SOCIAL GROUPS,20,KURNOOL,123253,39479,38708,11498,3597,1126,2158,705,6360,1907,2472,820,53221,16056
Below 0.5,ALL SOCIAL GROUPS,21,ANANTHAPUR,108569,33680,4946,1629,993,210,375,98,10787,3036,22,6,16931,4980
Below 0.5,ALL SOCIAL GROUPS,22,CHITTOOR,278390,71547,7723,1987,20319,4140,14283,3292,39108,9027,906,219,81617,18665
1.0-2.0,SCHEDULED CASTE,1,ADILABAD,18917,26616,618,630,904,793,905,1024,556,583,36,21,2787,3050
1.0-2.0,SCHEDULED CASTE,2,NIZAMABAD,10813,14520,1485,1394,723,471,241,143,5299,5416,289,126,6762,7550
1.0-2.0,SCHEDULED CASTE,3,KARIMNAGAR,13973,18940,2790,2096,908,536,8820,9213,173,188,334,88,10644,12122
1.0-2.0,SCHEDULED CASTE,4,MEDAK,18593,25236,63,46,801,397,679,488,6325,5018,111,96,7556,6045
1.0-2.0,SCHEDULED CASTE,5,RANGAREDDY,12105,16722,21,7,98,23,602,426,2010,1486,12,11,2696,1954
1.0-2.0,SCHEDULED CASTE,6,MAHABUBNAGAR,27944,39005,1155,1282,296,234,258,187,5571,4934,171,184,7348,6821
1.0-2.0,SCHEDULED CASTE,7,NALGONDA,14990,20554,1849,1979,264,185,1010,744,4050,3160,77,81,7057,6149
1.0-2.0,SCHEDULED CASTE,8,WARANGAL,11507,15694,29,38,1112,1040,6657,6960,214,216,122,129,7844,8383
1.0-2.0,SCHEDULED CASTE,9,KHAMMAM,5748,7799,1273,1392,845,798,593,617,408,485,358,328,3219,3620
1.0-2.0,SCHEDULED CASTE,10,SRIKAKULAM,1542,2017,374,440,346,342,5,5,59,66,136,116,916,969
1.0-2.0,SCHEDULED CASTE,11,VIZIANAGARAM,2076,2796,240,264,723,519,98,76,113,87,45,23,1097,968
1.0-2.0,SCHEDULED CASTE,12,VISAKHAPATNAM,1129,1543,159,197,393,389,104,93,19,22,73,45,730,745
1.0-2.0,SCHEDULED CASTE,13,EAST GODAVARI,2743,3682,1400,1396,152,190,24,20,313,334,245,176,2036,2114
1.0-2.0,SCHEDULED CASTE,14,WEST GODAVARI,4469,6090,860,1120,465,607,6,7,2827,3890,116,124,4252,5749
1.0-2.0,SCHEDULED CASTE,15,KRISHNA,4422,5951,1888,2506,360,392,44,52,628,729,229,222,3113,3901
1.0-2.0,SCHEDULED CASTE,16,GUNTUR,5376,7211,2523,3348,85,78,24,27,828,1112,92,82,3551,4648
1.0-2.0,SCHEDULED CASTE,17,PRAKASAM,15758,22123,678,791,579,437,131,147,3097,3527,210,231,4625,5133
1.0-2.0,SCHEDULED CASTE,18,NELLORE,11591,15537,2336,2787,3393,3510,659,743,1256,1538,71,82,7451,8660
1.0-2.0,SCHEDULED CASTE,19,KADAPA,7920,11068,342,263,141,112,188,165,2836,2987,20,26,3462,3552
1.0-2.0,SCHEDULED CASTE,20,KURNOOL,20608,28737,3037,3470,268,290,495,524,1225,1438,460,472,5389,6195
1.0-2.0,SCHEDULED CASTE,21,ANANTHAPUR,22432,32555,493,583,53,20,130,94,2504,2229,12,14,3107,2940
1.0-2.0,SCHEDULED CASTE,22,CHITTOOR,13019,17902,561,755,975,652,1429,1216,3468,2783,81,90,6112,5496
1.0-2.0,OTHERS,1,ADILABAD,90217,129447,4292,4387,3951,3521,4340,4902,5075,5574,0,0,15986,18384
1.0-2.0,OTHERS,2,NIZAMABAD,91437,128017,16212,18649,5011,4066,1887,1383,42064,46122,0,0,58895,70219
1.0-2.0,OTHERS,3,KARIMNAGAR,126752,178297,27888,22960,7581,6003,86937,96290,2528,2911,888,1043,104854,129206
1.0-2.0,OTHERS,4,MEDAK,120377,168747,683,334,5338,3486,5456,4250,49360,41219,1003,895,58088,50183
1.0-2.0,OTHERS,5,RANGAREDDY,67816,95571,720,773,924,274,3025,2183,16162,12651,142,108,20483,15989
1.0-2.0,OTHERS,6,MAHABUBNAGAR,197502,282862,11153,13208,2282,1740,2518,2527,47553,41504,3703,3837,66041,62816
1.0-2.0,OTHERS,7,NALGONDA,155305,220963,25899,30572,2100,1526,11023,8888,44278,34364,1365,1444,82008,76794
1.0-2.0,OTHERS,8,WARANGAL,105740,148796,1330,1827,11442,11795,63837,70741,3482,3609,1513,1434,79112,89406
1.0-2.0,OTHERS,9,KHAMMAM,62730,87930,15508,17510,9987,9891,8004,8860,5365,5943,3112,3396,38177,45599
1.0-2.0,OTHERS,10,SRIKAKULAM,62857,86492,33313,41205,14657,14297,1570,1104,1633,1759,1126,1048,50561,59413
1.0-2.0,OTHERS,11,VIZIANAGARAM,57096,79057,8265,9184,30097,23026,4220,2669,4701,4515,247,234,42025,39628
1.0-2.0,OTHERS,12,VISAKHAPATNAM,41078,55861,12359,13767,12716,12009,3324,2429,1233,1076,700,776,28717,30057
1.0-2.0,OTHERS,13,EAST GODAVARI,72592,99582,35371,42780,8023,9195,360,362,14125,16320,1684,2135,56798,70792
1.0-2.0,OTHERS,14,WEST GODAVARI,78380,108878,35448,47610,1760,2369,470,640,34178,47348,2658,3513,73868,101480
1.0-2.0,OTHERS,15,KRISHNA,91402,127884,48389,66033,3957,4055,1108,1277,9421,12028,3165,3731,65050,87124
1.0-2.0,OTHERS,16,GUNTUR,140692,195277,72112,95276,885,1117,702,907,14773,20663,4057,4378,92478,122340
1.0-2.0,OTHERS,17,PRAKASAM,151097,215873,13667,17060,5765,5275,801,857,25038,29105,4476,2953,49012,55251
1.0-2.0,OTHERS,18,NELLORE,77841,109836,20318,26163,19523,22172,3719,4287,9894,12356,1604,1977,53038,66954
1.0-2.0,OTHERS,19,KADAPA,113575,163190,7367,7949,3009,2433,4017,3270,30516,32848,172,207,44288,46708
1.0-2.0,OTHERS,20,KURNOOL,163417,233865,23688,29727,2378,2258,3934,4128,10135,11124,2698,2991,41573,50229
1.0-2.0,OTHERS,21,ANANTHAPUR,209985,309988,6191,7047,2970,2025,1530,1097,31673,28840,121,151,41197,39161
1.0-2.0,OTHERS,22,CHITTOOR,128363,181152,2390,3108,6102,4269,9724,7842,44173,35707,352,416,58542,51341
1.0-2.0,SCHEDULED TRIBES,1,ADILABAD,34794,49802,522,500,254,259,519,654,408,492,0,0,1662,1904
1.0-2.0,SCHEDULED TRIBES,2,NIZAMABAD,10578,14239,2462,3043,188,158,151,158,4450,4822,0,0,7071,8180
1.0-2.0,SCHEDULED TRIBES,3,KARIMNAGAR,4278,5858,766,744,544,386,2153,2311,52,57,0,0,3084,3498
1.0-2.0,SCHEDULED TRIBES,4,MEDAK,9878,13656,69,29,484,284,104,100,3811,2994,0,0,4111,3407
1.0-2.0,SCHEDULED TRIBES,5,RANGAREDDY,8025,11053,180,171,169,106,327,200,2276,2240,0,0,2949,2718
1.0-2.0,SCHEDULED TRIBES,6,MAHABUBNAGAR,23940,33489,499,502,383,214,364,229,5626,4518,0,0,6800,5463
1.0-2.0,SCHEDULED TRIBES,7,NALGONDA,21197,29224,2963,3229,913,745,639,475,4616,3036,0,0,8935,7485
1.0-2.0,SCHEDULED TRIBES,8,WARANGAL,24633,33921,403,535,3498,3173,13086,15133,671,600,0,0,17227,19441
1.0-2.0,SCHEDULED TRIBES,9,KHAMMAM,37471,52243,1899,2322,6764,6144,2484,2655,2573,2874,0,0,13219,13995
1.0-2.0,SCHEDULED TRIBES,10,SRIKAKULAM,6389,8584,1071,1140,1290,1194,18,25,12,9,176,137,2548,2504
1.0-2.0,SCHEDULED TRIBES,11,VIZIANAGARAM,8020,11019,199,231,1195,1044,70,35,134,127,555,559,2069,1995
1.0-2.0,SCHEDULED TRIBES,12,VISAKHAPATNAM,26679,37972,657,751,819,665,127,139,39,43,9746,7818,11365,9417
1.0-2.0,SCHEDULED TRIBES,13,EAST GODAVARI,11213,16283,355,367,2378,2764,9,10,219,298,370,269,3284,3707
1.0-2.0,SCHEDULED TRIBES,14,WEST GODAVARI,4306,6112,48,67,263,279,0,0,2046,2888,108,159,2460,3394
1.0-2.0,SCHEDULED TRIBES,15,KRISHNA,1874,2640,334,519,234,176,110,71,134,175,63,69,860,1010
1.0-2.0,SCHEDULED TRIBES,16,GUNTUR,4635,6306,1032,1360,334,246,13,17,1628,2197,90,109,3094,3929
1.0-2.0,SCHEDULED TRIBES,17,PRAKASAM,3211,4500,410,509,96,92,3,4,724,911,70,80,1288,1596
1.0-2.0,SCHEDULED TRIBES,18,NELLORE,2678,3559,615,770,736,615,242,283,432,471,18,22,1901,2162
1.0-2.0,SCHEDULED TRIBES,19,KADAPA,1974,2727,69,82,272,180,48,20,289,317,4,4,682,604
1.0-2.0,SCHEDULED TRIBES,20,KURNOOL,3671,5116,262,338,116,114,131,160,331,420,55,45,874,1077
1.0-2.0,SCHEDULED TRIBES,21,ANANTHAPUR,11031,16178,81,73,67,46,76,94,1243,953,8,9,1399,1176
1.0-2.0,SCHEDULED TRIBES,22,CHITTOOR,3044,4243,60,84,231,162,123,110,689,620,14,18,1072,993
1.0-2.0,ALL SOCIAL GROUPS,1,ADILABAD,143934,205874,5432,5517,5109,4573,5764,6579,6039,6649,39,24,20438,23341
1.0-2.0,ALL SOCIAL GROUPS,2,NIZAMABAD,112836,156787,20159,23085,5923,4694,2279,1684,51813,56360,290,127,72730,85951
1.0-2.0,ALL SOCIAL GROUPS,3,KARIMNAGAR,145008,203103,31444,25800,9034,6926,97911,107814,2753,3156,1222,1132,118584,144827
1.0-2.0,ALL SOCIAL GROUPS,4,MEDAK,148880,207685,815,408,6629,4173,6239,4838,59507,49238,1114,991,69772,59647
1.0-2.0,ALL SOCIAL GROUPS,5,RANGAREDDY,87956,123362,921,951,1192,405,3954,2809,20448,16378,154,119,26129,20662
1.0-2.0,ALL SOCIAL GROUPS,6,MAHABUBNAGAR,249386,355356,12807,14991,2961,2187,3140,2943,58750,50957,3874,4022,80189,75100
1.0-2.0,ALL SOCIAL GROUPS,7,NALGONDA,191508,270762,30715,35784,3282,2459,12672,10108,52946,40560,1442,1525,98011,90436
1.0-2.0,ALL SOCIAL GROUPS,8,WARANGAL,141881,198412,1762,2400,16053,16008,83580,92834,4367,4424,1635,1563,104184,117231
1.0-2.0,ALL SOCIAL GROUPS,9,KHAMMAM,105973,148011,18684,21229,17603,16839,11081,12132,8347,9303,3472,3728,54629,63230
1.0-2.0,ALL SOCIAL GROUPS,10,SRIKAKULAM,70894,97255,34825,42881,16293,15832,1593,1135,1704,1834,1472,1332,54126,63014
1.0-2.0,ALL SOCIAL GROUPS,11,VIZIANAGARAM,67198,92882,8705,9679,32015,24589,4389,2782,4948,4729,851,819,45197,42598
1.0-2.0,ALL SOCIAL GROUPS,12,VISAKHAPATNAM,68929,95438,13186,14732,13928,13063,3555,2661,1291,1141,10548,8660,40852,40256
1.0-2.0,ALL SOCIAL GROUPS,13,EAST GODAVARI,86674,119731,37183,44622,10553,12149,393,392,14660,16954,2361,2625,62238,76740
1.0-2.0,ALL SOCIAL GROUPS,14,WEST GODAVARI,87299,121288,36414,48883,2488,3255,476,647,39075,54160,2943,3842,80723,110787
1.0-2.0,ALL SOCIAL GROUPS,15,KRISHNA,97699,136477,50611,69057,4551,4623,1262,1401,10183,12932,3457,4022,69023,92034
1.0-2.0,ALL SOCIAL GROUPS,16,GUNTUR,150845,209008,75684,100008,1304,1441,739,951,17238,23985,4288,4607,99197,130993
1.0-2.0,ALL SOCIAL GROUPS,17,PRAKASAM,170081,242517,14755,18360,6440,5804,935,1008,28859,33543,4757,3265,54926,61980
1.0-2.0,ALL SOCIAL GROUPS,18,NELLORE,92262,129146,23301,29757,23652,26297,4620,5314,11590,14373,1781,2156,62515,77896
1.0-2.0,ALL SOCIAL GROUPS,19,KADAPA,123474,176991,7778,8294,3422,2725,4253,3456,33641,36153,198,238,48434,50866
1.0-2.0,ALL SOCIAL GROUPS,20,KURNOOL,187698,267721,26987,33535,2762,2663,4560,4812,11692,12984,3214,3509,47838,57504
1.0-2.0,ALL SOCIAL GROUPS,21,ANANTHAPUR,243528,358835,6765,7703,3090,2091,1736,1286,35427,32027,146,179,45715,43286
1.0-2.0,ALL SOCIAL GROUPS,22,CHITTOOR,144431,203304,3011,3947,7308,5082,11276,9167,48330,39109,447,523,65726,57830
0.5-1.0,SCHEDULED CASTE,1,ADILABAD,20153,14918,802,550,1562,952,1020,714,532,370,78,26,3802,2612
0.5-1.0,SCHEDULED CASTE,2,NIZAMABAD,17068,12321,3019,1779,1260,555,290,140,6888,4115,384,108,10447,6697
0.5-1.0,SCHEDULED CASTE,3,KARIMNAGAR,24933,17882,4086,2230,1485,790,13653,8825,227,150,253,73,17788,12068
0.5-1.0,SCHEDULED CASTE,4,MEDAK,29765,21406,168,94,1230,476,1025,505,6952,3444,176,111,9411,4630
0.5-1.0,SCHEDULED CASTE,5,RANGAREDDY,15700,11485,59,19,151,39,487,237,2129,1015,14,8,2724,1318
0.5-1.0,SCHEDULED CASTE,6,MAHABUBNAGAR,36601,26911,1688,1144,428,158,205,102,4747,2590,325,215,7320,4208
0.5-1.0,SCHEDULED CASTE,7,NALGONDA,22607,16367,3452,2186,529,243,1106,613,4515,2365,109,69,9628,5476
0.5-1.0,SCHEDULED CASTE,8,WARANGAL,19501,14029,100,59,2132,1316,9312,5789,447,247,266,194,12175,7606
0.5-1.0,SCHEDULED CASTE,9,KHAMMAM,10427,7394,2357,1491,1342,857,730,500,530,352,570,382,5397,3582
0.5-1.0,SCHEDULED CASTE,10,SRIKAKULAM,4918,3485,1995,1325,878,512,38,17,137,92,42,28,3013,1974
0.5-1.0,SCHEDULED CASTE,11,VIZIANAGARAM,4555,3232,444,282,1878,977,228,115,60,34,64,28,2566,1436
0.5-1.0,SCHEDULED CASTE,12,VISAKHAPATNAM,2486,1767,555,348,863,481,133,63,20,12,102,58,1659,963
0.5-1.0,SCHEDULED CASTE,13,EAST GODAVARI,7709,5298,4073,2184,675,417,118,53,756,456,102,53,5503,3163
0.5-1.0,SCHEDULED CASTE,14,WEST GODAVARI,9241,6521,2481,1727,780,561,24,14,5139,3611,198,116,8596,6029
0.5-1.0,SCHEDULED CASTE,15,KRISHNA,10098,7219,4521,3152,712,418,56,43,1196,756,454,314,6861,4684
0.5-1.0,SCHEDULED CASTE,16,GUNTUR,11833,8364,5597,3879,73,37,69,53,1474,1052,311,188,7520,5208
0.5-1.0,SCHEDULED CASTE,17,PRAKASAM,17155,12552,1250,843,1023,540,70,45,2488,1706,210,133,5017,3267
0.5-1.0,SCHEDULED CASTE,18,NELLORE,21085,15125,5314,3607,7612,4599,997,682,2015,1391,192,120,15900,10399
0.5-1.0,SCHEDULED CASTE,19,KADAPA,13934,9722,885,492,360,219,161,89,4058,2458,41,27,5485,3286
0.5-1.0,SCHEDULED CASTE,20,KURNOOL,24489,17972,4433,2947,673,447,587,383,870,573,460,318,6950,4667
0.5-1.0,SCHEDULED CASTE,21,ANANTHAPUR,20868,15585,1045,698,44,18,42,15,1406,904,10,7,2484,1644
0.5-1.0,SCHEDULED CASTE,22,CHITTOOR,24132,17015,1290,890,2423,1103,1965,1066,3776,1896,210,135,9297,5089
0.5-1.0,OTHERS,1,ADILABAD,72023,53527,5293,3593,4941,2995,3698,2570,2873,1930,0,0,15894,11089
0.5-1.0,OTHERS,2,NIZAMABAD,100012,73369,21697,13864,5807,3197,1225,654,35334,21820,0,0,59812,39535
0.5-1.0,OTHERS,3,KARIMNAGAR,141990,103955,28969,16282,6937,4069,81417,53838,1500,1038,843,615,109599,75842
0.5-1.0,OTHERS,4,MEDAK,135166,98632,1204,673,7099,3408,3876,2022,36696,19501,1538,968,49173,26571
0.5-1.0,OTHERS,5,RANGAREDDY,67843,49989,911,603,896,204,2175,968,14233,7021,161,98,18008,8894
0.5-1.0,OTHERS,6,MAHABUBNAGAR,182361,135716,10883,7367,1645,791,1297,632,29155,16221,3484,2013,45966,27024
0.5-1.0,OTHERS,7,NALGONDA,141523,104638,30430,19964,3214,1615,7070,4229,28828,15672,1430,865,70029,42346
0.5-1.0,OTHERS,8,WARANGAL,114852,84366,1526,1087,14190,9336,60941,39980,3202,1803,2063,1490,81066,53695
0.5-1.0,OTHERS,9,KHAMMAM,68872,50509,18657,12219,10133,6231,5258,3360,4142,2906,3349,2290,40006,27007
0.5-1.0,OTHERS,10,SRIKAKULAM,103322,73699,55425,36941,23195,13401,2215,825,1912,1184,1900,865,82655,53216
0.5-1.0,OTHERS,11,VIZIANAGARAM,85621,61482,11775,7468,46909,22834,3143,1637,2720,1576,256,167,61985,33682
0.5-1.0,OTHERS,12,VISAKHAPATNAM,78967,55448,24173,14377,24621,13068,4151,1866,2744,1525,1922,1436,56333,32271
0.5-1.0,OTHERS,13,EAST GODAVARI,124563,89313,65859,43931,12041,7948,364,232,19273,12408,2449,1687,97574,66206
0.5-1.0,OTHERS,14,WEST GODAVARI,115321,83353,62087,43989,2756,1908,693,508,40385,29070,4421,3123,109592,78597
0.5-1.0,OTHERS,15,KRISHNA,125883,92052,73466,53294,5072,3200,1191,806,10852,7455,4333,2905,94324,67660
0.5-1.0,OTHERS,16,GUNTUR,192300,139401,100617,71488,1047,727,931,674,16104,11836,4639,3109,123318,87834
0.5-1.0,OTHERS,17,PRAKASAM,143493,105187,15417,10918,6720,4154,507,315,14863,9867,5594,2468,42688,27723
0.5-1.0,OTHERS,18,NELLORE,83045,60790,25146,17690,25480,16444,3513,2495,9387,6537,1870,1319,64526,44486
0.5-1.0,OTHERS,19,KADAPA,101477,73988,11295,7233,4417,2572,2629,1512,26682,16529,346,231,44997,28077
0.5-1.0,OTHERS,20,KURNOOL,131200,98126,25017,17198,2734,1817,3001,1934,6819,4648,2056,1416,39165,27014
0.5-1.0,OTHERS,21,ANANTHAPUR,122632,92710,5511,3837,1208,447,621,262,13186,7924,30,16,20126,12485
0.5-1.0,OTHERS,22,CHITTOOR,147706,106925,3441,2371,8766,4374,10064,5221,36304,18504,343,229,56918,30699
0.5-1.0,SCHEDULED TRIBES,1,ADILABAD,22965,17300,594,392,441,273,499,347,381,282,0,0,1866,1294
0.5-1.0,SCHEDULED TRIBES,2,NIZAMABAD,13195,9767,3851,2734,520,276,211,136,3640,2520,0,0,8056,5665
0.5-1.0,SCHEDULED TRIBES,3,KARIMNAGAR,5744,4193,723,432,1132,472,2316,1526,75,52,0,0,3911,2482
0.5-1.0,SCHEDULED TRIBES,4,MEDAK,10803,7950,56,23,467,225,106,46,3115,1674,0,0,3584,1967
0.5-1.0,SCHEDULED TRIBES,5,RANGAREDDY,9061,6712,150,105,277,108,205,94,1919,1113,0,0,2540,1419
0.5-1.0,SCHEDULED TRIBES,6,MAHABUBNAGAR,25444,18841,798,543,370,172,169,65,3948,2209,0,0,5224,2989
0.5-1.0,SCHEDULED TRIBES,7,NALGONDA,24934,18315,4792,2993,822,410,590,299,4945,2743,0,0,11107,6445
0.5-1.0,SCHEDULED TRIBES,8,WARANGAL,29754,21999,421,317,3638,2311,14644,9916,970,566,0,0,19445,13111
0.5-1.0,SCHEDULED TRIBES,9,KHAMMAM,41686,30697,3004,2022,7432,4696,2321,1557,2223,1544,0,0,14850,9820
0.5-1.0,SCHEDULED TRIBES,10,SRIKAKULAM,10287,7526,1590,1001,1962,1068,37,27,2,1,488,206,4067,2303
0.5-1.0,SCHEDULED TRIBES,11,VIZIANAGARAM,10397,7579,329,224,1699,990,0,0,42,29,702,439,2766,1681
0.5-1.0,SCHEDULED TRIBES,12,VISAKHAPATNAM,24516,18132,1107,697,1147,556,129,79,53,37,10677,5664,13090,7034
0.5-1.0,SCHEDULED TRIBES,13,EAST GODAVARI,8431,6303,562,360,1953,1323,0,0,137,96,249,129,2900,1907
0.5-1.0,SCHEDULED TRIBES,14,WEST GODAVARI,4933,3626,135,95,351,222,15,13,2184,1603,168,121,2852,2054
0.5-1.0,SCHEDULED TRIBES,15,KRISHNA,3163,2316,698,539,351,153,20,14,280,198,97,61,1442,966
0.5-1.0,SCHEDULED TRIBES,16,GUNTUR,6342,4639,1403,1000,386,155,29,20,2024,1530,177,95,4016,2799
0.5-1.0,SCHEDULED TRIBES,17,PRAKASAM,3597,2622,766,547,171,89,0,0,404,287,43,18,1379,940
0.5-1.0,SCHEDULED TRIBES,18,NELLORE,5970,4296,1527,1003,2081,1244,356,236,642,460,73,47,4542,2990
0.5-1.0,SCHEDULED TRIBES,19,KADAPA,3000,2097,186,120,216,76,23,11,600,321,24,16,1047,545
0.5-1.0,SCHEDULED TRIBES,20,KURNOOL,3460,2576,468,325,215,133,125,84,236,147,45,28,1077,716
0.5-1.0,SCHEDULED TRIBES,21,ANANTHAPUR,6801,5173,20,16,13,3,58,19,414,278,0,0,505,316
0.5-1.0,SCHEDULED TRIBES,22,CHITTOOR,4960,3521,203,134,910,426,188,81,681,336,5,3,1911,981
0.5-1.0,ALL SOCIAL GROUPS,1,ADILABAD,115153,85754,6689,4535,6944,4221,5219,3632,3786,2582,82,27,21568,14998
0.5-1.0,ALL SOCIAL GROUPS,2,NIZAMABAD,130280,95460,28567,18377,7587,4027,1726,930,45862,28455,385,109,78316,51898
0.5-1.0,ALL SOCIAL GROUPS,3,KARIMNAGAR,172669,126030,33778,18945,9554,5331,97387,64189,1802,1240,1096,689,131299,90394
0.5-1.0,ALL SOCIAL GROUPS,4,MEDAK,175759,128007,1428,790,8800,4110,5007,2573,46766,24619,1715,1080,62176,33171
0.5-1.0,ALL SOCIAL GROUPS,5,RANGAREDDY,92608,68189,1120,728,1324,351,2867,1298,18282,9148,175,106,23273,11632
0.5-1.0,ALL SOCIAL GROUPS,6,MAHABUBNAGAR,244407,181468,13369,9054,2443,1121,1671,799,37850,21020,3809,2228,58510,34222
0.5-1.0,ALL SOCIAL GROUPS,7,NALGONDA,189071,139326,38675,25144,4568,2269,8766,5142,38288,20780,1539,935,90768,54269
0.5-1.0,ALL SOCIAL GROUPS,8,WARANGAL,164108,120394,2047,1464,19960,12963,84898,55685,4619,2616,2329,1684,112687,74413
0.5-1.0,ALL SOCIAL GROUPS,9,KHAMMAM,120992,88605,24023,15736,18907,11785,8309,5417,6896,4803,3919,2672,60259,40413
0.5-1.0,ALL SOCIAL GROUPS,10,SRIKAKULAM,118571,84742,59012,39268,26035,14981,2290,869,2051,1277,2467,1113,89773,57508
0.5-1.0,ALL SOCIAL GROUPS,11,VIZIANAGARAM,100576,72296,12549,7975,50486,24801,3371,1752,2822,1639,1022,634,67318,36800
0.5-1.0,ALL SOCIAL GROUPS,12,VISAKHAPATNAM,105990,75362,25839,15425,26631,14105,4413,2008,2817,1573,12714,7164,71099,40276
0.5-1.0,ALL SOCIAL GROUPS,13,EAST GODAVARI,140848,101019,70568,46527,14669,9688,482,285,20180,12970,2840,1882,106105,71353
0.5-1.0,ALL SOCIAL GROUPS,14,WEST GODAVARI,129591,93569,64746,45841,3887,2691,732,534,47715,34289,4833,3377,121136,86732
0.5-1.0,ALL SOCIAL GROUPS,15,KRISHNA,139148,101590,78685,56986,6135,3771,1267,862,12328,8410,4884,3280,102627,73310
0.5-1.0,ALL SOCIAL GROUPS,16,GUNTUR,210486,152412,107622,76371,1506,919,1029,746,19602,14418,5127,3392,134859,95845
0.5-1.0,ALL SOCIAL GROUPS,17,PRAKASAM,164258,120371,17433,12308,7914,4783,577,360,17755,11860,5848,2620,49085,31931
0.5-1.0,ALL SOCIAL GROUPS,18,NELLORE,110204,80288,32024,22326,35173,22287,4870,3415,12050,8392,2186,1510,85065,57930
0.5-1.0,ALL SOCIAL GROUPS,19,KADAPA,118412,85808,12366,7846,4993,2866,2813,1613,31340,19309,411,274,51529,31908
0.5-1.0,ALL SOCIAL GROUPS,20,KURNOOL,159152,118677,29919,20471,3622,2397,3713,2401,7925,5368,2561,1762,47193,32398
0.5-1.0,ALL SOCIAL GROUPS,21,ANANTHAPUR,150381,113525,6576,4551,1265,469,721,296,15006,9106,41,23,23116,14446
0.5-1.0,ALL SOCIAL GROUPS,22,CHITTOOR,176800,127463,4934,3395,12099,5904,12217,6367,40761,20736,559,367,68127,36770
3.0-4.0,SCHEDULED CASTE,1,ADILABAD,2165,7452,45,105,106,131,68,112,55,102,13,23,265,472
3.0-4.0,SCHEDULED CASTE,2,NIZAMABAD,364,1231,13,42,20,54,11,13,209,372,36,60,279,541
3.0-4.0,SCHEDULED CASTE,3,KARIMNAGAR,640,2183,93,140,28,19,268,612,49,64,101,158,389,993
3.0-4.0,SCHEDULED CASTE,4,MEDAK,772,2623,0,0,30,32,16,14,216,400,49,81,284,527
3.0-4.0,SCHEDULED CASTE,5,RANGAREDDY,903,3069,0,0,14,7,55,69,237,195,31,63,331,334
3.0-4.0,SCHEDULED CASTE,6,MAHABUBNAGAR,1995,6818,121,252,37,61,36,53,685,1125,74,152,929,1644
3.0-4.0,SCHEDULED CASTE,7,NALGONDA,847,2895,104,277,13,20,129,200,297,351,82,138,571,986
3.0-4.0,SCHEDULED CASTE,8,WARANGAL,762,2631,0,0,123,128,365,722,34,84,72,118,493,1051
3.0-4.0,SCHEDULED CASTE,9,KHAMMAM,374,1281,31,95,75,98,30,51,39,54,57,96,190,394
3.0-4.0,SCHEDULED CASTE,10,SRIKAKULAM,31,104,4,14,3,4,0,0,0,0,15,26,22,44
3.0-4.0,SCHEDULED CASTE,11,VIZIANAGARAM,130,456,5,12,18,37,10,7,14,21,64,116,95,194
3.0-4.0,SCHEDULED CASTE,12,VISAKHAPATNAM,51,172,3,5,3,4,0,0,0,0,18,28,24,37
3.0-4.0,SCHEDULED CASTE,13,EAST GODAVARI,188,644,40,66,10,24,3,1,8,23,47,80,104,195
3.0-4.0,SCHEDULED CASTE,14,WEST GODAVARI,258,884,22,77,0,0,0,0,132,446,92,157,246,680
3.0-4.0,SCHEDULED CASTE,15,KRISHNA,277,955,59,189,9,24,0,0,36,72,74,141,174,426
3.0-4.0,SCHEDULED CASTE,16,GUNTUR,369,1254,118,384,5,7,0,0,80,248,98,166,301,805
3.0-4.0,SCHEDULED CASTE,17,PRAKASAM,949,3262,42,100,52,59,3,0,247,428,19,49,356,636
3.0-4.0,SCHEDULED CASTE,18,NELLORE,468,1608,98,263,121,199,63,157,56,139,39,65,359,823
3.0-4.0,SCHEDULED CASTE,19,KADAPA,227,760,9,7,4,3,3,2,56,114,32,53,90,179
3.0-4.0,SCHEDULED CASTE,20,KURNOOL,1843,6295,188,456,71,167,47,82,178,239,48,79,450,1022
3.0-4.0,SCHEDULED CASTE,21,ANANTHAPUR,1417,4809,17,49,5,1,4,2,298,465,2,1,317,518
3.0-4.0,SCHEDULED CASTE,22,CHITTOOR,405,1371,0,0,19,21,48,76,146,183,38,58,214,338
3.0-4.0,OTHERS,1,ADILABAD,12509,43031,553,1253,807,1156,832,1414,796,1372,0,0,2677,5195
3.0-4.0,OTHERS,2,NIZAMABAD,7170,24558,1314,3165,393,603,212,210,4202,8829,0,0,5346,12806
3.0-4.0,OTHERS,3,KARIMNAGAR,12715,43588,2699,4634,786,1131,8802,20380,719,1104,179,282,10026,27531
3.0-4.0,OTHERS,4,MEDAK,12057,41421,75,51,558,580,519,561,5673,9942,99,195,6221,11328
3.0-4.0,OTHERS,5,RANGAREDDY,9231,31738,139,339,125,61,505,601,3149,3752,14,20,3795,4772
3.0-4.0,OTHERS,6,MAHABUBNAGAR,26664,91602,2087,4256,535,813,615,1052,11348,18888,721,1761,14917,26770
3.0-4.0,OTHERS,7,NALGONDA,22037,75742,3437,8698,521,773,2644,3478,10020,13040,199,430,15212,26419
3.0-4.0,OTHERS,8,WARANGAL,11805,40557,172,555,1532,2839,7169,15593,618,1224,75,107,8561,20318
3.0-4.0,OTHERS,9,KHAMMAM,8518,29324,2227,5395,1477,2741,1594,3335,1397,2857,414,851,5951,15179
3.0-4.0,OTHERS,10,SRIKAKULAM,4915,16889,2743,8129,1210,2460,206,298,151,306,28,90,4077,11282
3.0-4.0,OTHERS,11,VIZIANAGARAM,6486,22505,1110,2482,3204,4518,733,547,934,1447,11,20,4635,9015
3.0-4.0,OTHERS,12,VISAKHAPATNAM,3103,10550,860,2018,1021,1997,229,380,119,150,10,25,1931,4571
3.0-4.0,OTHERS,13,EAST GODAVARI,7225,24781,2998,8299,945,2360,34,75,1845,5039,194,603,5595,16376
3.0-4.0,OTHERS,14,WEST GODAVARI,9541,32896,3297,10993,263,746,75,255,4988,16754,305,920,8808,29668
3.0-4.0,OTHERS,15,KRISHNA,12420,42669,5604,17948,674,1351,258,434,2508,6783,370,937,8913,27452
3.0-4.0,OTHERS,16,GUNTUR,14884,51040,7243,22988,176,414,131,234,2069,6570,484,1156,10005,31361
3.0-4.0,OTHERS,17,PRAKASAM,24242,83503,2039,5070,1241,1685,187,256,5568,9769,818,967,9504,17747
3.0-4.0,OTHERS,18,NELLORE,10359,35599,2773,7803,2594,6180,464,1196,1558,3748,96,221,6900,19148
3.0-4.0,OTHERS,19,KADAPA,14352,49117,601,1144,259,354,787,904,4599,8584,55,57,5882,11043
3.0-4.0,OTHERS,20,KURNOOL,30626,105521,4678,11679,426,743,1106,2491,3042,5512,562,1018,9055,21445
3.0-4.0,OTHERS,21,ANANTHAPUR,35876,123279,1244,2472,669,377,450,604,10435,14496,259,154,12084,18102
3.0-4.0,OTHERS,22,CHITTOOR,11844,40634,149,456,913,769,1166,1767,6843,9338,82,88,8065,12417
3.0-4.0,SCHEDULED TRIBES,1,ADILABAD,6496,22278,56,115,99,138,88,214,46,90,0,0,271,556
3.0-4.0,SCHEDULED TRIBES,2,NIZAMABAD,250,842,25,84,39,67,0,0,116,227,0,0,180,377
3.0-4.0,SCHEDULED TRIBES,3,KARIMNAGAR,230,800,64,155,80,141,41,90,2,1,0,0,156,387
3.0-4.0,SCHEDULED TRIBES,4,MEDAK,667,2285,13,11,97,127,10,19,209,334,0,0,265,491
3.0-4.0,SCHEDULED TRIBES,5,RANGAREDDY,659,2256,0,0,41,62,58,38,253,385,0,0,315,485
3.0-4.0,SCHEDULED TRIBES,6,MAHABUBNAGAR,2007,6866,61,139,119,225,43,41,822,1178,0,0,1027,1583
3.0-4.0,SCHEDULED TRIBES,7,NALGONDA,1638,5605,278,473,179,301,140,119,663,819,0,0,1089,1711
3.0-4.0,SCHEDULED TRIBES,8,WARANGAL,1790,6140,7,25,417,800,775,1919,92,132,0,0,1193,2876
3.0-4.0,SCHEDULED TRIBES,9,KHAMMAM,4913,16844,233,450,1302,1911,212,319,637,1152,0,0,2155,3833
3.0-4.0,SCHEDULED TRIBES,10,SRIKAKULAM,344,1169,27,57,123,189,0,0,0,0,11,14,161,260
3.0-4.0,SCHEDULED TRIBES,11,VIZIANAGARAM,907,3106,4,3,122,221,7,3,10,13,154,310,280,550
3.0-4.0,SCHEDULED TRIBES,12,VISAKHAPATNAM,6314,21787,54,149,111,145,26,16,0,0,2988,4114,3168,4424
3.0-4.0,SCHEDULED TRIBES,13,EAST GODAVARI,2999,10349,66,52,605,1458,0,0,29,82,136,128,836,1720
3.0-4.0,SCHEDULED TRIBES,14,WEST GODAVARI,654,2250,0,0,82,183,0,0,324,1098,0,0,405,1281
3.0-4.0,SCHEDULED TRIBES,15,KRISHNA,150,514,13,34,37,64,0,0,21,33,0,0,71,131
3.0-4.0,SCHEDULED TRIBES,16,GUNTUR,313,1071,38,127,62,113,0,0,118,369,0,0,215,610
3.0-4.0,SCHEDULED TRIBES,17,PRAKASAM,209,716,2,7,15,25,0,0,100,156,2,2,119,190
3.0-4.0,SCHEDULED TRIBES,18,NELLORE,118,404,3,7,94,169,6,20,19,40,0,0,110,236
3.0-4.0,SCHEDULED TRIBES,19,KADAPA,87,296,0,0,12,19,0,0,6,18,0,0,18,38
3.0-4.0,SCHEDULED TRIBES,20,KURNOOL,456,1558,3,3,21,23,15,39,29,49,0,0,67,115
3.0-4.0,SCHEDULED TRIBES,21,ANANTHAPUR,885,3034,4,3,7,13,6,5,206,381,4,3,219,404
3.0-4.0,SCHEDULED TRIBES,22,CHITTOOR,125,425,0,0,9,15,1,0,31,35,0,0,39,50
3.0-4.0,ALL SOCIAL GROUPS,1,ADILABAD,21173,72771,654,1473,1012,1424,988,1740,897,1564,13,23,3213,6224
3.0-4.0,ALL SOCIAL GROUPS,2,NIZAMABAD,7787,26641,1353,3294,453,724,223,222,4527,9428,36,60,5807,13729
3.0-4.0,ALL SOCIAL GROUPS,3,KARIMNAGAR,13585,46571,2856,4929,894,1290,9111,21082,770,1169,280,441,10571,28911
3.0-4.0,ALL SOCIAL GROUPS,4,MEDAK,13507,46366,88,62,688,743,545,594,6100,10678,148,276,6775,12352
3.0-4.0,ALL SOCIAL GROUPS,5,RANGAREDDY,10808,37114,139,339,185,139,618,707,3646,4337,45,83,4453,5605
3.0-4.0,ALL SOCIAL GROUPS,6,MAHABUBNAGAR,30666,105287,2269,4647,691,1099,694,1147,12855,21191,795,1913,16873,29997
3.0-4.0,ALL SOCIAL GROUPS,7,NALGONDA,24532,84276,3819,9447,715,1097,2913,3797,10980,14210,281,568,16874,29120
3.0-4.0,ALL SOCIAL GROUPS,8,WARANGAL,14358,49332,179,580,2072,3767,8309,18233,744,1440,147,224,10247,24244
3.0-4.0,ALL SOCIAL GROUPS,9,KHAMMAM,13822,47509,2495,5942,2862,4764,1841,3716,2074,4064,471,947,8309,19433
3.0-4.0,ALL SOCIAL GROUPS,10,SRIKAKULAM,5326,18288,2786,8221,1336,2653,206,298,151,306,75,166,4293,11644
3.0-4.0,ALL SOCIAL GROUPS,11,VIZIANAGARAM,7531,26094,1120,2501,3344,4776,750,558,961,1483,235,453,5017,9771
3.0-4.0,ALL SOCIAL GROUPS,12,VISAKHAPATNAM,9479,32548,917,2172,1135,2146,255,396,120,152,3018,4171,5126,9037
3.0-4.0,ALL SOCIAL GROUPS,13,EAST GODAVARI,10460,35939,3125,8488,1560,3843,37,76,1884,5145,399,850,6578,18402
3.0-4.0,ALL SOCIAL GROUPS,14,WEST GODAVARI,10506,36215,3340,11144,345,930,75,255,5458,18348,413,1104,9510,31781
3.0-4.0,ALL SOCIAL GROUPS,15,KRISHNA,12848,44141,5676,18170,720,1439,258,434,2565,6888,444,1078,9158,28008
3.0-4.0,ALL SOCIAL GROUPS,16,GUNTUR,15636,53609,7402,23509,243,534,131,234,2269,7195,606,1365,10550,32837
3.0-4.0,ALL SOCIAL GROUPS,17,PRAKASAM,25412,87521,2083,5177,1308,1769,190,257,5915,10352,839,1018,9979,18573
3.0-4.0,ALL SOCIAL GROUPS,18,NELLORE,10996,37786,2877,8081,2809,6547,533,1373,1635,3933,172,354,7411,20289
3.0-4.0,ALL SOCIAL GROUPS,19,KADAPA,14667,50176,610,1151,275,376,790,905,4661,8716,87,110,5990,11259
3.0-4.0,ALL SOCIAL GROUPS,20,KURNOOL,32926,113377,4869,12139,518,933,1168,2612,3249,5801,611,1099,9573,22583
3.0-4.0,ALL SOCIAL GROUPS,21,ANANTHAPUR,38245,131352,1272,2528,681,391,460,611,10943,15344,268,163,12634,19036
3.0-4.0,ALL SOCIAL GROUPS,22,CHITTOOR,12376,42437,149,456,941,804,1215,1844,7020,9556,121,148,8319,12807
2.0-3.0,SCHEDULED CASTE,1,ADILABAD,8827,19880,124,206,272,304,255,387,155,260,16,19,768,1176
2.0-3.0,SCHEDULED CASTE,2,NIZAMABAD,1728,3990,132,172,79,71,28,15,975,1473,65,68,1134,1798
2.0-3.0,SCHEDULED CASTE,3,KARIMNAGAR,2567,5999,404,414,182,156,1687,2795,62,75,125,92,1957,3530
2.0-3.0,SCHEDULED CASTE,4,MEDAK,3507,8189,3,1,193,122,139,136,1243,1629,90,112,1540,1999
2.0-3.0,SCHEDULED CASTE,5,RANGAREDDY,3198,7475,18,14,58,13,212,210,724,557,19,31,980,826
2.0-3.0,SCHEDULED CASTE,6,MAHABUBNAGAR,7998,18846,399,642,104,123,168,239,2642,3292,61,119,3315,4415
2.0-3.0,SCHEDULED CASTE,7,NALGONDA,3313,7819,371,612,46,74,269,274,1238,1262,72,91,1864,2313
2.0-3.0,SCHEDULED CASTE,8,WARANGAL,2713,6466,0,0,337,416,1665,2610,58,77,36,40,1906,3142
2.0-3.0,SCHEDULED CASTE,9,KHAMMAM,1607,3701,228,370,185,285,243,341,78,141,350,390,983,1527
2.0-3.0,SCHEDULED CASTE,10,SRIKAKULAM,148,350,35,75,9,10,0,0,0,0,51,62,95,147
2.0-3.0,SCHEDULED CASTE,11,VIZIANAGARAM,426,988,48,89,99,116,23,13,49,70,105,109,285,398
2.0-3.0,SCHEDULED CASTE,12,VISAKHAPATNAM,216,486,9,18,83,123,11,10,1,2,48,54,149,206
2.0-3.0,SCHEDULED CASTE,13,EAST GODAVARI,568,1359,188,320,53,124,6,13,32,63,93,108,363,628
2.0-3.0,SCHEDULED CASTE,14,WEST GODAVARI,975,2267,108,258,31,74,3,6,520,1204,254,296,915,1838
2.0-3.0,SCHEDULED CASTE,15,KRISHNA,956,2269,356,827,83,98,7,9,152,269,100,153,655,1356
2.0-3.0,SCHEDULED CASTE,16,GUNTUR,1120,2658,361,872,17,11,0,0,92,224,281,331,751,1437
2.0-3.0,SCHEDULED CASTE,17,PRAKASAM,5007,11233,163,288,183,173,70,117,1296,1930,54,103,1741,2610
2.0-3.0,SCHEDULED CASTE,18,NELLORE,2190,4996,400,826,603,876,142,275,293,592,30,34,1411,2603
2.0-3.0,SCHEDULED CASTE,19,KADAPA,2036,4499,125,97,30,36,53,50,734,1090,67,82,986,1354
2.0-3.0,SCHEDULED CASTE,20,KURNOOL,6147,14372,700,1198,96,75,178,303,458,656,154,183,1445,2415
2.0-3.0,SCHEDULED CASTE,21,ANANTHAPUR,10414,23206,165,297,16,11,21,28,1090,1195,0,0,1253,1531
2.0-3.0,SCHEDULED CASTE,22,CHITTOOR,2485,5646,78,152,116,132,264,295,916,944,43,52,1335,1575
2.0-3.0,OTHERS,1,ADILABAD,39249,90886,1498,2352,1682,1925,2293,3522,1974,2968,0,0,6714,10767
2.0-3.0,OTHERS,2,NIZAMABAD,23255,54826,4204,7533,1157,1400,705,678,13122,20769,0,0,16950,30380
2.0-3.0,OTHERS,3,KARIMNAGAR,38276,91220,8602,10810,2572,2799,25990,43669,1310,1855,383,379,30443,59512
2.0-3.0,OTHERS,4,MEDAK,33905,80468,194,125,1693,1474,1356,1250,15470,19718,374,480,17483,23048
2.0-3.0,OTHERS,5,RANGAREDDY,24844,58940,400,640,323,134,1394,1340,7456,7307,62,82,9262,9502
2.0-3.0,OTHERS,6,MAHABUBNAGAR,77598,185319,5498,8772,1359,1592,1455,1938,27867,35647,1611,2793,36756,50743
2.0-3.0,OTHERS,7,NALGONDA,57527,137211,9211,17217,937,1268,5655,5981,22567,23910,448,734,36689,49110
2.0-3.0,OTHERS,8,WARANGAL,34115,81362,449,1059,3720,5499,21230,35083,1630,2426,363,299,25581,44367
2.0-3.0,OTHERS,9,KHAMMAM,23470,55827,5509,9326,3933,5383,3834,6128,3555,5328,1290,1830,15389,27995
2.0-3.0,OTHERS,10,SRIKAKULAM,14935,35750,8104,16719,3669,5695,576,677,373,615,200,449,12444,24156
2.0-3.0,OTHERS,11,VIZIANAGARAM,15783,37896,2279,3431,7923,8877,1774,1289,2145,2864,156,174,11136,16635
2.0-3.0,OTHERS,12,VISAKHAPATNAM,9680,22607,2955,5266,2882,4559,803,799,461,568,34,25,6446,11218
2.0-3.0,OTHERS,13,EAST GODAVARI,19685,46786,8934,17864,2429,4630,147,246,4643,9026,453,967,15416,32733
2.0-3.0,OTHERS,14,WEST GODAVARI,24435,58214,9527,22072,501,1128,156,345,12179,28319,761,1624,22770,53487
2.0-3.0,OTHERS,15,KRISHNA,29567,71025,14761,33495,1441,2081,547,768,3869,7468,1070,1981,20873,45792
2.0-3.0,OTHERS,16,GUNTUR,40157,96105,20242,45258,343,679,260,445,5048,11781,1326,2308,27152,60471
2.0-3.0,OTHERS,17,PRAKASAM,62026,146621,5058,9398,2561,3008,501,697,13645,20823,1929,1757,22855,35683
2.0-3.0,OTHERS,18,NELLORE,26589,62871,6732,13793,6200,11045,1300,2332,3780,7178,294,531,17064,34879
2.0-3.0,OTHERS,19,KADAPA,45056,106058,1716,2643,834,1011,1774,1514,13559,20228,115,170,17368,25566
2.0-3.0,OTHERS,20,KURNOOL,72022,172226,10389,19908,1082,1219,2577,4519,5158,8042,1106,1816,19218,35504
2.0-3.0,OTHERS,21,ANANTHAPUR,120864,280184,3236,5041,1249,868,879,1016,18946,23683,33,56,23131,30664
2.0-3.0,OTHERS,22,CHITTOOR,39371,92660,554,1170,1892,1564,3463,3865,17798,20387,121,178,21811,27163
2.0-3.0,SCHEDULED TRIBES,1,ADILABAD,21510,49174,236,331,147,195,211,379,121,186,0,0,677,1091
2.0-3.0,SCHEDULED TRIBES,2,NIZAMABAD,1741,3935,279,604,95,105,17,22,772,1236,0,0,1134,1967
2.0-3.0,SCHEDULED TRIBES,3,KARIMNAGAR,958,2225,91,85,312,360,391,644,16,23,0,0,692,1113
2.0-3.0,SCHEDULED TRIBES,4,MEDAK,2399,5555,12,5,207,126,22,22,875,1093,0,0,957,1246
2.0-3.0,SCHEDULED TRIBES,5,RANGAREDDY,2635,6075,53,85,90,86,101,80,817,995,0,0,1051,1246
2.0-3.0,SCHEDULED TRIBES,6,MAHABUBNAGAR,7937,18626,264,354,345,447,139,112,2893,3129,0,0,3613,4042
2.0-3.0,SCHEDULED TRIBES,7,NALGONDA,5981,14088,937,1407,467,622,261,229,1844,1765,0,0,3219,4023
2.0-3.0,SCHEDULED TRIBES,8,WARANGAL,6202,14709,90,192,1055,1464,3208,5925,197,231,0,0,4408,7813
2.0-3.0,SCHEDULED TRIBES,9,KHAMMAM,15500,36143,579,1010,3267,3475,809,1159,1472,2125,0,0,5798,7768
2.0-3.0,SCHEDULED TRIBES,10,SRIKAKULAM,1358,3164,137,214,304,386,0,0,0,0,23,19,460,619
2.0-3.0,SCHEDULED TRIBES,11,VIZIANAGARAM,2401,5686,60,74,380,480,4,7,65,55,213,284,656,900
2.0-3.0,SCHEDULED TRIBES,12,VISAKHAPATNAM,12921,31203,175,282,202,261,12,11,11,10,6575,7890,6939,8454
2.0-3.0,SCHEDULED TRIBES,13,EAST GODAVARI,6323,15032,136,192,1508,2673,0,0,131,257,258,233,2019,3356
2.0-3.0,SCHEDULED TRIBES,14,WEST GODAVARI,1852,4399,5,12,133,226,0,0,847,1987,10,24,993,2249
2.0-3.0,SCHEDULED TRIBES,15,KRISHNA,498,1213,44,101,81,95,0,0,58,81,7,13,190,291
2.0-3.0,SCHEDULED TRIBES,16,GUNTUR,1314,3037,139,307,150,199,0,0,605,1340,8,19,901,1864
2.0-3.0,SCHEDULED TRIBES,17,PRAKASAM,926,2088,95,115,58,66,0,0,344,525,19,13,504,718
2.0-3.0,SCHEDULED TRIBES,18,NELLORE,603,1362,116,269,262,314,66,121,23,43,0,0,453,747
2.0-3.0,SCHEDULED TRIBES,19,KADAPA,529,1186,4,10,121,128,51,42,57,114,0,0,233,295
2.0-3.0,SCHEDULED TRIBES,20,KURNOOL,1320,3071,32,69,46,65,57,134,132,199,23,54,287,521
2.0-3.0,SCHEDULED TRIBES,21,ANANTHAPUR,5605,12508,3,7,105,154,0,0,974,1519,1,2,1081,1682
2.0-3.0,SCHEDULED TRIBES,22,CHITTOOR,746,1724,11,24,77,86,17,11,151,126,6,6,238,253
2.0-3.0,ALL SOCIAL GROUPS,1,ADILABAD,69592,159956,1858,2889,2101,2425,2759,4288,2250,3414,17,20,8160,13035
2.0-3.0,ALL SOCIAL GROUPS,2,NIZAMABAD,26734,62775,4615,8309,1334,1581,750,714,14869,23478,70,74,19226,34155
2.0-3.0,ALL SOCIAL GROUPS,3,KARIMNAGAR,41805,99454,9097,11308,3069,3318,28069,47110,1388,1953,508,471,33096,64161
2.0-3.0,ALL SOCIAL GROUPS,4,MEDAK,39832,94259,209,131,2099,1729,1517,1408,17595,22446,464,592,19993,26306
2.0-3.0,ALL SOCIAL GROUPS,5,RANGAREDDY,30714,72584,471,740,479,243,1707,1630,9000,8860,81,113,11304,11585
2.0-3.0,ALL SOCIAL GROUPS,6,MAHABUBNAGAR,93535,222795,6161,9768,1808,2162,1762,2290,33402,42068,1672,2912,43684,59200
2.0-3.0,ALL SOCIAL GROUPS,7,NALGONDA,66832,159146,10519,19236,1454,1968,6185,6484,25649,26937,520,825,41776,55451
2.0-3.0,ALL SOCIAL GROUPS,8,WARANGAL,43030,102538,539,1251,5112,7379,26103,43618,1885,2735,399,339,31895,55322
2.0-3.0,ALL SOCIAL GROUPS,9,KHAMMAM,40613,95762,6320,10711,7399,9160,4889,7632,5105,7593,1640,2220,22189,37317
2.0-3.0,ALL SOCIAL GROUPS,10,SRIKAKULAM,16525,39469,8298,17061,3982,6092,576,677,377,617,317,593,13063,25040
2.0-3.0,ALL SOCIAL GROUPS,11,VIZIANAGARAM,18622,44598,2387,3594,8402,9474,1801,1309,2259,2989,485,582,12088,17948
2.0-3.0,ALL SOCIAL GROUPS,12,VISAKHAPATNAM,22837,54345,3139,5566,3167,4942,826,820,473,580,6674,7990,13551,19898
2.0-3.0,ALL SOCIAL GROUPS,13,EAST GODAVARI,26647,63350,9283,18424,3990,7427,154,260,4812,9360,845,1357,17865,36827
2.0-3.0,ALL SOCIAL GROUPS,14,WEST GODAVARI,27350,65100,9685,22455,665,1427,159,351,13549,31517,1066,1997,24766,57747
2.0-3.0,ALL SOCIAL GROUPS,15,KRISHNA,31022,74510,15161,34423,1605,2274,554,777,4079,7817,1177,2147,21718,47439
2.0-3.0,ALL SOCIAL GROUPS,16,GUNTUR,42683,102024,20747,46445,510,889,260,445,5751,13357,1662,2721,28861,63858
2.0-3.0,ALL SOCIAL GROUPS,17,PRAKASAM,67980,159993,5316,9801,2802,3246,571,814,15285,23278,2005,1875,25103,39013
2.0-3.0,ALL SOCIAL GROUPS,18,NELLORE,29454,69413,7268,14932,7065,12235,1508,2728,4099,7818,365,616,18988,38329
2.0-3.0,ALL SOCIAL GROUPS,19,KADAPA,47623,111748,1845,2750,985,1175,1878,1606,14350,21432,183,252,18588,27216
2.0-3.0,ALL SOCIAL GROUPS,20,KURNOOL,79493,189678,11121,21175,1224,1358,2812,4957,5748,8898,1285,2054,20952,38442
2.0-3.0,ALL SOCIAL GROUPS,21,ANANTHAPUR,136949,316065,3404,5345,1370,1033,900,1044,21010,26398,38,62,25469,33881
2.0-3.0,ALL SOCIAL GROUPS,22,CHITTOOR,42605,100037,643,1346,2085,1782,3744,4172,18865,21457,170,235,23384,28991
5.0-7.5,SCHEDULED CASTE,1,ADILABAD,882,5291,20,88,27,48,34,73,15,30,0,0,83,240
5.0-7.5,SCHEDULED CASTE,2,NIZAMABAD,70,417,1,1,0,0,0,0,29,75,25,76,54,152
5.0-7.5,SCHEDULED CASTE,3,KARIMNAGAR,201,1184,38,62,4,7,97,335,28,62,41,128,145,594
5.0-7.5,SCHEDULED CASTE,4,MEDAK,239,1420,0,0,10,5,16,17,77,240,10,32,85,294
5.0-7.5,SCHEDULED CASTE,5,RANGAREDDY,252,1507,0,0,0,0,17,11,36,56,44,129,94,196
5.0-7.5,SCHEDULED CASTE,6,MAHABUBNAGAR,648,3834,18,58,5,2,7,9,196,583,38,126,260,778
5.0-7.5,SCHEDULED CASTE,7,NALGONDA,256,1532,5,26,2,0,34,79,80,152,76,229,180,487
5.0-7.5,SCHEDULED CASTE,8,WARANGAL,339,2032,0,0,43,56,143,410,13,43,69,208,229,717
5.0-7.5,SCHEDULED CASTE,9,KHAMMAM,142,829,24,88,26,76,5,8,10,26,49,140,95,338
5.0-7.5,SCHEDULED CASTE,10,SRIKAKULAM,8,49,0,0,0,0,0,0,0,0,6,19,6,19
5.0-7.5,SCHEDULED CASTE,11,VIZIANAGARAM,38,229,1,3,9,15,1,2,0,0,14,38,24,58
5.0-7.5,SCHEDULED CASTE,12,VISAKHAPATNAM,35,195,1,4,4,8,0,0,0,0,19,51,24,63
5.0-7.5,SCHEDULED CASTE,13,EAST GODAVARI,50,293,7,35,0,0,0,0,1,5,27,77,34,118
5.0-7.5,SCHEDULED CASTE,14,WEST GODAVARI,111,637,7,38,0,0,0,0,56,301,34,98,97,437
5.0-7.5,SCHEDULED CASTE,15,KRISHNA,105,634,29,147,7,23,0,0,7,25,31,94,69,289
5.0-7.5,SCHEDULED CASTE,16,GUNTUR,99,583,19,115,0,0,0,0,0,0,60,176,79,291
5.0-7.5,SCHEDULED CASTE,17,PRAKASAM,192,1117,17,35,21,33,0,0,35,59,24,69,83,196
5.0-7.5,SCHEDULED CASTE,18,NELLORE,124,741,19,92,21,48,1,7,3,18,41,126,81,290
5.0-7.5,SCHEDULED CASTE,19,KADAPA,63,365,1,1,0,0,1,0,6,12,8,22,15,36
5.0-7.5,SCHEDULED CASTE,20,KURNOOL,903,5278,118,476,11,27,32,143,53,90,82,306,269,1042
5.0-7.5,SCHEDULED CASTE,21,ANANTHAPUR,456,2681,4,15,0,0,22,29,66,144,0,0,88,189
5.0-7.5,SCHEDULED CASTE,22,CHITTOOR,102,615,4,9,1,1,8,46,40,96,15,45,63,198
5.0-7.5,OTHERS,1,ADILABAD,6273,37611,222,1000,377,668,429,934,429,1064,0,0,1319,3666
5.0-7.5,OTHERS,2,NIZAMABAD,2390,14233,356,1474,163,556,64,90,1411,4881,0,0,1745,7001
5.0-7.5,OTHERS,3,KARIMNAGAR,5119,30571,1138,2594,335,768,3485,12755,532,1050,45,113,3908,17281
5.0-7.5,OTHERS,4,MEDAK,5856,35164,27,19,241,368,269,497,2497,6849,34,53,2693,7787
5.0-7.5,OTHERS,5,RANGAREDDY,4452,26811,62,161,118,214,437,770,1719,3105,26,38,2249,4289
5.0-7.5,OTHERS,6,MAHABUBNAGAR,12803,76975,1112,3581,260,629,312,630,6178,15584,423,1929,7866,22353
5.0-7.5,OTHERS,7,NALGONDA,10088,60275,1564,6319,271,465,1978,3595,5241,10559,140,366,7580,21305
5.0-7.5,OTHERS,8,WARANGAL,5223,31330,132,789,687,1779,2764,9475,315,970,37,52,3436,13065
5.0-7.5,OTHERS,9,KHAMMAM,4043,24180,1068,3906,751,2457,838,2333,749,1902,191,694,2713,11293
5.0-7.5,OTHERS,10,SRIKAKULAM,1756,10395,969,4744,413,1465,144,319,99,250,0,0,1489,6777
5.0-7.5,OTHERS,11,VIZIANAGARAM,2491,14850,361,1220,1154,2509,471,568,354,787,31,72,1738,5157
5.0-7.5,OTHERS,12,VISAKHAPATNAM,1318,7800,358,1137,349,1515,78,179,188,373,24,38,839,3242
5.0-7.5,OTHERS,13,EAST GODAVARI,2629,15589,687,3248,546,2095,30,76,737,3458,58,224,1912,9101
5.0-7.5,OTHERS,14,WEST GODAVARI,4142,24754,1087,6290,250,1104,9,55,2350,13816,49,307,3722,21572
5.0-7.5,OTHERS,15,KRISHNA,4955,29678,1906,10396,377,1236,135,378,943,3795,257,1067,3420,16872
5.0-7.5,OTHERS,16,GUNTUR,5057,29709,2426,13212,99,284,27,51,798,3773,185,425,3415,17746
5.0-7.5,OTHERS,17,PRAKASAM,10562,63224,1004,4157,686,1090,95,171,2762,5887,390,541,4504,11846
5.0-7.5,OTHERS,18,NELLORE,5364,32207,1061,4542,1104,3963,291,1098,1045,4599,43,139,3161,14341
5.0-7.5,OTHERS,19,KADAPA,5102,30181,175,361,98,251,341,315,1865,5028,18,59,2170,6015
5.0-7.5,OTHERS,20,KURNOOL,18686,112269,3268,11776,520,1159,1006,4051,2105,4862,605,1977,6778,23825
5.0-7.5,OTHERS,21,ANANTHAPUR,18870,112921,712,2001,251,211,457,763,5999,13969,196,164,7003,17108
5.0-7.5,OTHERS,22,CHITTOOR,4514,26965,67,367,379,493,411,800,3173,6362,40,33,3520,8055
5.0-7.5,SCHEDULED TRIBES,1,ADILABAD,2372,14197,30,73,43,117,19,36,30,66,0,0,116,293
5.0-7.5,SCHEDULED TRIBES,2,NIZAMABAD,44,261,0,0,14,39,0,0,9,8,0,0,23,47
5.0-7.5,SCHEDULED TRIBES,3,KARIMNAGAR,74,432,0,0,50,145,7,28,0,0,1,4,58,177
5.0-7.5,SCHEDULED TRIBES,4,MEDAK,258,1531,0,0,20,48,0,0,21,38,0,0,38,86
5.0-7.5,SCHEDULED TRIBES,5,RANGAREDDY,196,1162,5,16,14,37,25,30,38,65,0,0,79,148
5.0-7.5,SCHEDULED TRIBES,6,MAHABUBNAGAR,647,3879,22,41,61,159,14,23,271,430,0,0,367,653
5.0-7.5,SCHEDULED TRIBES,7,NALGONDA,561,3326,84,171,83,217,79,121,247,567,1,3,384,1079
5.0-7.5,SCHEDULED TRIBES,8,WARANGAL,689,4153,7,42,236,731,251,1119,29,36,0,0,471,1928
5.0-7.5,SCHEDULED TRIBES,9,KHAMMAM,1676,9964,72,159,444,893,146,732,141,313,0,0,726,2097
5.0-7.5,SCHEDULED TRIBES,10,SRIKAKULAM,119,699,4,26,43,66,0,0,0,0,9,15,56,107
5.0-7.5,SCHEDULED TRIBES,11,VIZIANAGARAM,314,1877,5,12,60,144,5,5,17,38,65,180,134,378
5.0-7.5,SCHEDULED TRIBES,12,VISAKHAPATNAM,3638,21890,13,40,144,345,1,1,0,0,2239,5364,2386,5750
5.0-7.5,SCHEDULED TRIBES,13,EAST GODAVARI,1885,11338,30,36,357,1091,0,0,7,34,100,94,494,1254
5.0-7.5,SCHEDULED TRIBES,14,WEST GODAVARI,334,1992,1,5,27,86,0,0,182,1067,0,0,210,1159
5.0-7.5,SCHEDULED TRIBES,15,KRISHNA,39,238,9,57,5,14,0,0,0,0,4,14,18,85
5.0-7.5,SCHEDULED TRIBES,16,GUNTUR,73,426,3,15,18,52,0,0,3,16,0,0,24,83
5.0-7.5,SCHEDULED TRIBES,17,PRAKASAM,48,276,0,0,14,41,0,0,8,26,3,9,25,76
5.0-7.5,SCHEDULED TRIBES,18,NELLORE,28,166,0,0,20,70,6,32,1,4,1,3,27,109
5.0-7.5,SCHEDULED TRIBES,19,KADAPA,22,128,0,0,4,11,1,1,4,19,0,0,8,30
5.0-7.5,SCHEDULED TRIBES,20,KURNOOL,192,1135,3,10,4,7,16,82,2,11,1,4,25,113
5.0-7.5,SCHEDULED TRIBES,21,ANANTHAPUR,302,1780,0,0,0,0,43,36,52,160,0,0,95,195
5.0-7.5,SCHEDULED TRIBES,22,CHITTOOR,29,166,0,0,6,3,0,0,15,29,1,4,20,36
5.0-7.5,ALL SOCIAL GROUPS,1,ADILABAD,9530,57118,272,1162,447,833,482,1043,474,1161,1,3,1519,4202
5.0-7.5,ALL SOCIAL GROUPS,2,NIZAMABAD,2515,14984,357,1475,187,629,64,90,1449,4965,26,79,1833,7237
5.0-7.5,ALL SOCIAL GROUPS,3,KARIMNAGAR,5397,32207,1176,2656,391,926,3589,13119,560,1112,87,245,4113,18057
5.0-7.5,ALL SOCIAL GROUPS,4,MEDAK,6365,38185,27,19,271,422,285,514,2597,7138,44,85,2818,8178
5.0-7.5,ALL SOCIAL GROUPS,5,RANGAREDDY,4913,29558,67,177,140,274,479,811,1795,3229,70,167,2432,4658
5.0-7.5,ALL SOCIAL GROUPS,6,MAHABUBNAGAR,14101,84707,1152,3679,326,790,333,662,6645,16597,461,2055,8493,23783
5.0-7.5,ALL SOCIAL GROUPS,7,NALGONDA,10915,65198,1657,6539,358,689,2091,3796,5569,11280,217,598,8151,22902
5.0-7.5,ALL SOCIAL GROUPS,8,WARANGAL,6252,37520,139,831,967,2569,3158,11004,357,1050,106,260,4137,15713
5.0-7.5,ALL SOCIAL GROUPS,9,KHAMMAM,5881,35101,1168,4178,1227,3445,989,3073,900,2241,243,843,3547,13781
5.0-7.5,ALL SOCIAL GROUPS,10,SRIKAKULAM,1918,11354,983,4812,456,1531,144,319,99,250,36,92,1581,7003
5.0-7.5,ALL SOCIAL GROUPS,11,VIZIANAGARAM,2858,17046,367,1235,1223,2668,477,575,372,825,122,317,1908,5621
5.0-7.5,ALL SOCIAL GROUPS,12,VISAKHAPATNAM,5006,29978,372,1180,497,1869,79,180,188,373,2290,5478,3257,9079
5.0-7.5,ALL SOCIAL GROUPS,13,EAST GODAVARI,4600,27449,731,3366,903,3185,30,76,745,3498,212,487,2474,10611
5.0-7.5,ALL SOCIAL GROUPS,14,WEST GODAVARI,4664,27852,1116,6462,277,1190,9,55,2601,15262,121,521,4101,23489
5.0-7.5,ALL SOCIAL GROUPS,15,KRISHNA,5102,30569,1944,10600,389,1273,135,378,951,3823,294,1182,3510,17254
5.0-7.5,ALL SOCIAL GROUPS,16,GUNTUR,5327,31322,2462,13429,117,336,27,51,803,3802,286,744,3575,18362
5.0-7.5,ALL SOCIAL GROUPS,17,PRAKASAM,10827,64768,1021,4192,721,1164,95,171,2805,5973,419,625,4614,12124
5.0-7.5,ALL SOCIAL GROUPS,18,NELLORE,5562,33390,1088,4668,1145,4080,298,1136,1054,4631,113,356,3306,14872
5.0-7.5,ALL SOCIAL GROUPS,19,KADAPA,5187,30674,176,362,102,262,343,316,1875,5059,26,81,2193,6081
5.0-7.5,ALL SOCIAL GROUPS,20,KURNOOL,19789,118732,3395,12298,535,1194,1054,4275,2160,4963,688,2287,7078,25017
5.0-7.5,ALL SOCIAL GROUPS,21,ANANTHAPUR,19727,117990,721,2036,251,211,522,828,6117,14274,197,166,7192,17515
5.0-7.5,ALL SOCIAL GROUPS,22,CHITTOOR,4647,27759,71,376,386,497,419,846,3228,6488,57,85,3604,8292
4.0-5.0,SCHEDULED CASTE,1,ADILABAD,1093,4811,14,54,11,10,25,61,14,32,1,2,63,160
4.0-5.0,SCHEDULED CASTE,2,NIZAMABAD,130,573,7,33,8,23,2,12,51,102,22,48,90,218
4.0-5.0,SCHEDULED CASTE,3,KARIMNAGAR,306,1344,27,50,1,1,144,446,37,55,65,143,218,694
4.0-5.0,SCHEDULED CASTE,4,MEDAK,318,1403,5,2,2,1,0,0,99,280,20,45,119,327
4.0-5.0,SCHEDULED CASTE,5,RANGAREDDY,345,1527,5,8,13,4,11,9,80,123,24,53,117,197
4.0-5.0,SCHEDULED CASTE,6,MAHABUBNAGAR,1162,5158,71,102,3,9,0,0,407,991,33,75,500,1176
4.0-5.0,SCHEDULED CASTE,7,NALGONDA,393,1739,39,132,0,0,19,22,133,174,88,194,263,521
4.0-5.0,SCHEDULED CASTE,8,WARANGAL,575,2554,0,0,63,74,240,603,24,44,36,80,314,802
4.0-5.0,SCHEDULED CASTE,9,KHAMMAM,259,1133,34,98,26,64,9,25,2,4,41,92,104,283
4.0-5.0,SCHEDULED CASTE,10,SRIKAKULAM,17,75,2,8,0,0,0,0,0,0,11,25,13,33
4.0-5.0,SCHEDULED CASTE,11,VIZIANAGARAM,73,320,0,0,8,21,0,0,0,0,46,101,54,122
4.0-5.0,SCHEDULED CASTE,12,VISAKHAPATNAM,36,159,0,0,3,4,2,3,0,0,17,37,22,43
4.0-5.0,SCHEDULED CASTE,13,EAST GODAVARI,101,450,9,29,1,4,0,0,6,23,29,64,44,120
4.0-5.0,SCHEDULED CASTE,14,WEST GODAVARI,100,443,2,9,0,0,0,0,28,124,61,134,91,266
4.0-5.0,SCHEDULED CASTE,15,KRISHNA,180,796,36,102,0,0,0,0,43,150,72,163,140,416
4.0-5.0,SCHEDULED CASTE,16,GUNTUR,220,967,31,119,0,0,0,0,14,26,131,282,170,427
4.0-5.0,SCHEDULED CASTE,17,PRAKASAM,338,1481,6,18,0,0,2,4,87,142,24,54,119,218
4.0-5.0,SCHEDULED CASTE,18,NELLORE,229,999,32,90,42,139,6,25,19,67,72,142,166,463
4.0-5.0,SCHEDULED CASTE,19,KADAPA,74,328,0,0,1,4,2,2,8,10,9,19,18,35
4.0-5.0,SCHEDULED CASTE,20,KURNOOL,1135,5063,214,664,12,4,35,144,55,116,81,245,384,1174
4.0-5.0,SCHEDULED CASTE,21,ANANTHAPUR,585,2598,3,5,6,2,0,0,105,174,13,14,110,196
4.0-5.0,SCHEDULED CASTE,22,CHITTOOR,131,578,0,0,6,18,8,16,38,41,22,49,68,124
4.0-5.0,OTHERS,1,ADILABAD,6692,29659,262,835,344,478,471,959,441,1047,0,0,1378,3318
4.0-5.0,OTHERS,2,NIZAMABAD,2968,13100,484,1346,211,439,86,120,1711,4402,0,0,2167,6308
4.0-5.0,OTHERS,3,KARIMNAGAR,6545,29009,1362,2854,595,1406,4353,12925,429,687,61,121,5066,17993
4.0-5.0,OTHERS,4,MEDAK,6313,27952,39,32,319,334,331,401,2902,6414,100,190,3152,7371
4.0-5.0,OTHERS,5,RANGAREDDY,4732,20941,74,228,119,163,311,413,1603,2323,21,59,2034,3186
4.0-5.0,OTHERS,6,MAHABUBNAGAR,14749,65567,1148,2881,216,444,211,427,7075,14734,444,1394,8809,19880
4.0-5.0,OTHERS,7,NALGONDA,11525,51062,1859,5853,270,441,1871,2680,5516,8754,132,326,8232,18054
4.0-5.0,OTHERS,8,WARANGAL,6739,29915,41,152,847,1710,3701,9883,274,598,50,47,4349,12389
4.0-5.0,OTHERS,9,KHAMMAM,5118,22606,1293,3866,969,2289,982,2342,857,1962,207,495,3524,10954
4.0-5.0,OTHERS,10,SRIKAKULAM,2590,11459,1509,5941,557,1514,144,289,106,240,23,90,2209,8074
4.0-5.0,OTHERS,11,VIZIANAGARAM,3260,14454,647,1848,1574,2794,615,663,476,1034,30,70,2471,6409
4.0-5.0,OTHERS,12,VISAKHAPATNAM,1502,6615,421,1237,510,1469,80,119,181,245,0,0,1048,3070
4.0-5.0,OTHERS,13,EAST GODAVARI,3504,15456,1288,4517,533,1709,24,52,958,3090,67,258,2586,9626
4.0-5.0,OTHERS,14,WEST GODAVARI,4710,20810,1495,6355,120,444,40,170,2697,11475,93,329,4352,18773
4.0-5.0,OTHERS,15,KRISHNA,6321,27986,2696,10811,412,1032,187,312,1207,3764,229,645,4407,16564
4.0-5.0,OTHERS,16,GUNTUR,7419,32906,3554,14707,46,78,49,83,1222,4906,221,560,5024,20334
4.0-5.0,OTHERS,17,PRAKASAM,11581,51353,1020,3124,678,1156,130,188,2696,5073,362,480,4605,10022
4.0-5.0,OTHERS,18,NELLORE,5665,25101,1502,5166,1274,4007,239,774,869,2834,62,167,3644,12947
4.0-5.0,OTHERS,19,KADAPA,6462,28666,240,657,140,162,402,551,2158,4865,30,48,2730,6284
4.0-5.0,OTHERS,20,KURNOOL,18829,83777,2801,8555,895,1906,882,2488,1457,2992,441,1083,5992,17025
4.0-5.0,OTHERS,21,ANANTHAPUR,19378,85789,763,1837,314,190,626,1047,5979,10301,195,116,7317,13491
4.0-5.0,OTHERS,22,CHITTOOR,5318,23533,69,276,454,463,590,1216,3395,5418,35,16,3895,7389
4.0-5.0,SCHEDULED TRIBES,1,ADILABAD,3925,16969,37,103,46,96,11,32,24,40,0,0,117,271
4.0-5.0,SCHEDULED TRIBES,2,NIZAMABAD,70,309,3,6,18,34,0,0,21,66,0,0,38,107
4.0-5.0,SCHEDULED TRIBES,3,KARIMNAGAR,140,618,16,14,78,169,39,116,0,0,0,0,117,299
4.0-5.0,SCHEDULED TRIBES,4,MEDAK,258,1152,0,0,24,50,0,0,49,113,0,0,71,163
4.0-5.0,SCHEDULED TRIBES,5,RANGAREDDY,286,1265,0,0,32,70,43,38,83,129,0,0,140,237
4.0-5.0,SCHEDULED TRIBES,6,MAHABUBNAGAR,1055,4664,42,89,109,255,49,60,286,540,0,0,484,943
4.0-5.0,SCHEDULED TRIBES,7,NALGONDA,726,3214,121,234,133,286,66,91,296,523,0,0,479,1134
4.0-5.0,SCHEDULED TRIBES,8,WARANGAL,1152,5130,12,54,200,413,558,2023,38,62,0,0,745,2551
4.0-5.0,SCHEDULED TRIBES,9,KHAMMAM,2565,11207,162,408,615,906,63,127,365,648,0,0,1016,2090
4.0-5.0,SCHEDULED TRIBES,10,SRIKAKULAM,170,752,5,21,63,141,0,0,0,0,7,6,76,168
4.0-5.0,SCHEDULED TRIBES,11,VIZIANAGARAM,412,1806,0,0,101,259,3,5,11,25,83,176,191,465
4.0-5.0,SCHEDULED TRIBES,12,VISAKHAPATNAM,3508,15596,12,34,67,129,5,20,4,7,1772,3089,1857,3279
4.0-5.0,SCHEDULED TRIBES,13,EAST GODAVARI,1851,8225,24,20,385,1076,0,0,20,72,41,27,468,1195
4.0-5.0,SCHEDULED TRIBES,14,WEST GODAVARI,369,1641,1,4,50,148,0,0,194,850,0,0,245,1003
4.0-5.0,SCHEDULED TRIBES,15,KRISHNA,64,284,7,18,22,49,0,0,0,0,0,0,29,67
4.0-5.0,SCHEDULED TRIBES,16,GUNTUR,159,704,20,74,63,138,0,0,16,51,0,0,95,263
4.0-5.0,SCHEDULED TRIBES,17,PRAKASAM,68,301,0,0,19,48,0,0,13,21,5,10,37,78
4.0-5.0,SCHEDULED TRIBES,18,NELLORE,56,247,2,2,30,60,4,10,3,9,0,0,39,81
4.0-5.0,SCHEDULED TRIBES,19,KADAPA,41,184,0,0,2,5,0,0,3,10,0,0,4,15
4.0-5.0,SCHEDULED TRIBES,20,KURNOOL,289,1278,2,3,25,67,3,11,8,12,2,3,37,95
4.0-5.0,SCHEDULED TRIBES,21,ANANTHAPUR,317,1389,0,0,0,0,22,32,25,34,0,0,47,66
4.0-5.0,SCHEDULED TRIBES,22,CHITTOOR,37,164,1,4,3,3,0,0,2,4,0,0,6,11
4.0-5.0,ALL SOCIAL GROUPS,1,ADILABAD,11712,51449,313,992,401,584,507,1052,479,1119,1,2,1558,3749
4.0-5.0,ALL SOCIAL GROUPS,2,NIZAMABAD,3170,13990,494,1385,238,499,88,132,1783,4570,22,48,2296,6635
4.0-5.0,ALL SOCIAL GROUPS,3,KARIMNAGAR,6994,30985,1405,2917,676,1581,4536,13487,466,742,126,264,5403,18991
4.0-5.0,ALL SOCIAL GROUPS,4,MEDAK,6899,30551,44,34,347,388,331,401,3051,6808,120,235,3345,7867
4.0-5.0,ALL SOCIAL GROUPS,5,RANGAREDDY,5378,23800,79,236,170,250,365,461,1773,2584,45,112,2304,3643
4.0-5.0,ALL SOCIAL GROUPS,6,MAHABUBNAGAR,16966,75389,1261,3071,328,709,260,486,7768,16265,477,1469,9793,22000
4.0-5.0,ALL SOCIAL GROUPS,7,NALGONDA,12648,56031,2019,6219,406,734,1957,2797,5945,9450,220,520,8978,19720
4.0-5.0,ALL SOCIAL GROUPS,8,WARANGAL,8466,37599,53,205,1110,2196,4499,12509,336,704,86,127,5408,15741
4.0-5.0,ALL SOCIAL GROUPS,9,KHAMMAM,7949,34978,1490,4376,1612,3264,1055,2498,1225,2619,249,588,4649,13345
4.0-5.0,ALL SOCIAL GROUPS,10,SRIKAKULAM,2814,12451,1531,6016,620,1656,144,289,106,240,58,157,2330,8358
4.0-5.0,ALL SOCIAL GROUPS,11,VIZIANAGARAM,3752,16613,647,1848,1683,3074,618,668,487,1060,161,351,2718,7001
4.0-5.0,ALL SOCIAL GROUPS,12,VISAKHAPATNAM,5063,22446,434,1275,580,1602,87,142,185,252,1804,3159,2943,6429
4.0-5.0,ALL SOCIAL GROUPS,13,EAST GODAVARI,5493,24295,1331,4607,919,2789,24,52,987,3197,157,394,3131,11040
4.0-5.0,ALL SOCIAL GROUPS,14,WEST GODAVARI,5232,23131,1507,6407,170,593,40,170,2928,12479,185,532,4735,20181
4.0-5.0,ALL SOCIAL GROUPS,15,KRISHNA,6565,29066,2739,10932,434,1081,187,312,1250,3915,301,808,4576,17047
4.0-5.0,ALL SOCIAL GROUPS,16,GUNTUR,7879,34941,3622,14974,109,216,49,83,1252,4984,380,912,5334,21169
4.0-5.0,ALL SOCIAL GROUPS,17,PRAKASAM,11999,53189,1027,3145,697,1203,132,192,2796,5236,392,546,4763,10323
4.0-5.0,ALL SOCIAL GROUPS,18,NELLORE,5976,26460,1544,5292,1346,4205,249,809,891,2910,151,354,3874,13571
4.0-5.0,ALL SOCIAL GROUPS,19,KADAPA,6578,29182,240,657,143,171,404,554,2169,4884,40,69,2753,6336
4.0-5.0,ALL SOCIAL GROUPS,20,KURNOOL,20259,90144,3017,9223,932,1977,920,2643,1520,3120,526,1335,6415,18298
4.0-5.0,ALL SOCIAL GROUPS,21,ANANTHAPUR,20339,90044,775,1848,320,193,648,1079,6111,10511,210,135,7487,13766
4.0-5.0,ALL SOCIAL GROUPS,22,CHITTOOR,5487,24280,70,280,463,483,598,1232,3435,5463,58,67,3970,7526
10.0-20.0,SCHEDULED CASTE,1,ADILABAD,149,1871,7,42,7,7,5,30,2,5,3,18,19,102
10.0-20.0,SCHEDULED CASTE,2,NIZAMABAD,11,153,0,0,0,0,0,0,3,13,3,22,6,35
10.0-20.0,SCHEDULED CASTE,3,KARIMNAGAR,21,269,0,0,0,0,10,100,0,0,10,61,20,160
10.0-20.0,SCHEDULED CASTE,4,MEDAK,35,466,0,0,0,0,0,0,2,5,6,40,8,45
10.0-20.0,SCHEDULED CASTE,5,RANGAREDDY,28,347,0,0,0,0,0,0,5,13,10,68,15,81
10.0-20.0,SCHEDULED CASTE,6,MAHABUBNAGAR,96,1204,0,0,0,0,0,0,19,133,5,26,23,159
10.0-20.0,SCHEDULED CASTE,7,NALGONDA,31,368,6,24,4,7,3,17,6,10,12,68,21,126
10.0-20.0,SCHEDULED CASTE,8,WARANGAL,61,770,0,0,11,18,25,100,0,0,12,77,37,195
10.0-20.0,SCHEDULED CASTE,9,KHAMMAM,22,269,4,26,0,0,1,11,2,9,8,45,12,90
10.0-20.0,SCHEDULED CASTE,10,SRIKAKULAM,0,0,0,0,0,0,0,0,0,0,0,0,0,0
10.0-20.0,SCHEDULED CASTE,11,VIZIANAGARAM,5,54,0,0,3,25,0,0,0,0,0,0,3,25
10.0-20.0,SCHEDULED CASTE,12,VISAKHAPATNAM,7,81,0,0,0,0,0,0,0,0,4,22,4,22
10.0-20.0,SCHEDULED CASTE,13,EAST GODAVARI,14,173,0,0,0,0,0,0,0,0,8,53,8,53
10.0-20.0,SCHEDULED CASTE,14,WEST GODAVARI,17,214,0,0,0,0,0,0,9,119,7,39,16,158
10.0-20.0,SCHEDULED CASTE,15,KRISHNA,22,315,6,69,0,0,0,0,4,43,4,25,11,136
10.0-20.0,SCHEDULED CASTE,16,GUNTUR,32,438,1,13,0,0,0,0,0,0,30,207,31,220
10.0-20.0,SCHEDULED CASTE,17,PRAKASAM,37,441,0,0,1,3,0,0,0,0,7,42,8,45
10.0-20.0,SCHEDULED CASTE,18,NELLORE,32,440,0,0,3,6,2,11,2,12,18,121,21,149
10.0-20.0,SCHEDULED CASTE,19,KADAPA,21,253,0,0,0,0,0,0,11,38,2,12,13,50
10.0-20.0,SCHEDULED CASTE,20,KURNOOL,51,636,7,59,0,0,0,0,3,9,6,40,16,107
10.0-20.0,SCHEDULED CASTE,21,ANANTHAPUR,55,763,0,0,0,0,0,0,3,9,1,7,4,16
10.0-20.0,SCHEDULED CASTE,22,CHITTOOR,17,244,0,0,0,0,1,7,10,29,4,30,15,66
10.0-20.0,OTHERS,1,ADILABAD,1284,16562,28,258,94,352,132,595,112,398,8,46,325,1651
10.0-20.0,OTHERS,2,NIZAMABAD,364,4694,34,252,36,294,13,19,171,1142,35,215,269,1923
10.0-20.0,OTHERS,3,KARIMNAGAR,900,11498,81,442,50,176,421,3556,48,221,211,1320,682,5716
10.0-20.0,OTHERS,4,MEDAK,1467,18877,0,0,37,102,123,228,616,3153,17,82,652,3564
10.0-20.0,OTHERS,5,RANGAREDDY,1138,14870,25,202,3,3,138,364,517,1209,28,190,648,1969
10.0-20.0,OTHERS,6,MAHABUBNAGAR,3016,39558,232,1346,82,300,95,223,1561,6425,109,887,1897,9181
10.0-20.0,OTHERS,7,NALGONDA,1924,24188,188,999,92,394,623,1255,1159,4210,103,619,1551,7478
10.0-20.0,OTHERS,8,WARANGAL,1277,16713,56,533,84,209,506,3433,63,466,82,510,688,5151
10.0-20.0,OTHERS,9,KHAMMAM,757,9672,113,765,142,723,141,565,201,937,102,456,475,3445
10.0-20.0,OTHERS,10,SRIKAKULAM,279,3516,110,937,56,363,21,55,7,9,41,243,195,1606
10.0-20.0,OTHERS,11,VIZIANAGARAM,432,5615,23,120,168,648,29,74,64,257,65,383,270,1482
10.0-20.0,OTHERS,12,VISAKHAPATNAM,238,3069,29,249,62,609,2,2,3,25,90,553,174,1438
10.0-20.0,OTHERS,13,EAST GODAVARI,404,5275,51,588,71,516,2,8,93,760,75,495,279,2368
10.0-20.0,OTHERS,14,WEST GODAVARI,636,7891,14,156,0,0,4,42,419,4948,97,647,531,5793
10.0-20.0,OTHERS,15,KRISHNA,580,7290,103,907,70,391,5,18,116,856,57,368,329,2539
10.0-20.0,OTHERS,16,GUNTUR,364,4635,111,1373,3,4,2,4,42,300,119,787,264,2469
10.0-20.0,OTHERS,17,PRAKASAM,1846,23281,103,660,187,401,75,179,532,1723,132,326,890,3288
10.0-20.0,OTHERS,18,NELLORE,1659,21300,190,1386,239,1501,70,469,329,2907,50,313,792,6576
10.0-20.0,OTHERS,19,KADAPA,796,9816,25,118,4,2,29,60,279,1111,48,304,358,1595
10.0-20.0,OTHERS,20,KURNOOL,3776,47700,524,3471,61,328,314,1639,638,2326,218,972,1497,8737
10.0-20.0,OTHERS,21,ANANTHAPUR,3835,50212,178,996,12,27,100,264,1543,7009,19,25,1721,8321
10.0-20.0,OTHERS,22,CHITTOOR,890,11490,20,170,79,241,71,286,463,1705,44,228,582,2630
10.0-20.0,SCHEDULED TRIBES,1,ADILABAD,343,4396,3,34,1,2,6,15,1,8,14,89,24,148
10.0-20.0,SCHEDULED TRIBES,2,NIZAMABAD,6,79,0,0,0,0,0,0,1,1,4,26,5,27
10.0-20.0,SCHEDULED TRIBES,3,KARIMNAGAR,12,139,0,0,0,0,3,23,0,0,8,44,11,67
10.0-20.0,SCHEDULED TRIBES,4,MEDAK,43,556,0,0,0,0,0,0,0,0,5,37,5,37
10.0-20.0,SCHEDULED TRIBES,5,RANGAREDDY,45,602,0,0,0,0,0,0,0,0,11,69,11,69
10.0-20.0,SCHEDULED TRIBES,6,MAHABUBNAGAR,86,1155,5,10,0,0,0,0,13,40,12,75,30,125
10.0-20.0,SCHEDULED TRIBES,7,NALGONDA,39,478,3,22,3,11,4,8,14,47,12,73,29,161
10.0-20.0,SCHEDULED TRIBES,8,WARANGAL,169,2241,5,58,13,15,79,906,0,0,39,245,123,1223
10.0-20.0,SCHEDULED TRIBES,9,KHAMMAM,263,3407,2,2,25,110,6,18,26,281,14,85,63,497
10.0-20.0,SCHEDULED TRIBES,10,SRIKAKULAM,19,230,0,0,3,2,0,0,0,0,7,44,10,46
10.0-20.0,SCHEDULED TRIBES,11,VIZIANAGARAM,47,590,0,0,21,118,1,1,1,2,9,79,29,200
10.0-20.0,SCHEDULED TRIBES,12,VISAKHAPATNAM,740,9468,1,12,23,76,4,3,7,5,502,1199,526,1296
10.0-20.0,SCHEDULED TRIBES,13,EAST GODAVARI,425,5364,0,0,58,476,0,0,0,0,53,95,111,571
10.0-20.0,SCHEDULED TRIBES,14,WEST GODAVARI,58,724,0,0,0,0,0,0,41,492,4,26,44,518
10.0-20.0,SCHEDULED TRIBES,15,KRISHNA,6,74,0,0,0,0,0,0,0,0,6,37,6,37
10.0-20.0,SCHEDULED TRIBES,16,GUNTUR,7,88,0,0,0,0,0,0,0,0,7,44,7,44
10.0-20.0,SCHEDULED TRIBES,17,PRAKASAM,3,40,0,0,0,0,0,0,0,0,2,13,2,13
10.0-20.0,SCHEDULED TRIBES,18,NELLORE,6,79,0,0,0,0,0,0,0,0,5,34,5,34
10.0-20.0,SCHEDULED TRIBES,19,KADAPA,5,57,0,0,0,0,0,0,0,0,1,5,1,5
10.0-20.0,SCHEDULED TRIBES,20,KURNOOL,18,209,2,8,0,0,0,0,0,0,3,18,5,26
10.0-20.0,SCHEDULED TRIBES,21,ANANTHAPUR,37,462,0,0,0,0,6,11,2,4,0,0,8,15
10.0-20.0,SCHEDULED TRIBES,22,CHITTOOR,3,33,0,0,0,0,0,0,3,3,1,1,3,4
10.0-20.0,ALL SOCIAL GROUPS,1,ADILABAD,1780,22881,38,334,102,362,143,640,115,412,25,153,368,1900
10.0-20.0,ALL SOCIAL GROUPS,2,NIZAMABAD,387,5004,34,252,38,307,13,19,176,1167,44,274,285,2019
10.0-20.0,ALL SOCIAL GROUPS,3,KARIMNAGAR,935,11931,81,442,52,188,434,3679,48,221,229,1425,715,5956
10.0-20.0,ALL SOCIAL GROUPS,4,MEDAK,1569,20264,0,0,42,139,123,228,621,3178,28,158,673,3703
10.0-20.0,ALL SOCIAL GROUPS,5,RANGAREDDY,1240,16209,25,202,5,14,138,364,539,1292,49,327,693,2200
10.0-20.0,ALL SOCIAL GROUPS,6,MAHABUBNAGAR,3201,41967,237,1356,83,309,95,223,1593,6597,126,988,1951,9474
10.0-20.0,ALL SOCIAL GROUPS,7,NALGONDA,2007,25235,200,1058,101,431,632,1282,1187,4286,127,760,1612,7816
10.0-20.0,ALL SOCIAL GROUPS,8,WARANGAL,1507,19725,61,590,108,242,610,4439,63,466,133,833,848,6570
10.0-20.0,ALL SOCIAL GROUPS,9,KHAMMAM,1058,13559,120,797,175,887,149,597,231,1235,124,586,561,4102
10.0-20.0,ALL SOCIAL GROUPS,10,SRIKAKULAM,345,4403,123,1048,59,365,21,55,7,9,77,450,239,1927
10.0-20.0,ALL SOCIAL GROUPS,11,VIZIANAGARAM,504,6542,23,120,192,790,30,75,65,260,89,538,317,1783
10.0-20.0,ALL SOCIAL GROUPS,12,VISAKHAPATNAM,997,12802,30,261,85,685,6,5,10,30,603,1830,711,2812
10.0-20.0,ALL SOCIAL GROUPS,13,EAST GODAVARI,886,11415,59,675,129,992,2,8,98,796,164,845,435,3316
10.0-20.0,ALL SOCIAL GROUPS,14,WEST GODAVARI,770,9612,30,333,0,0,4,42,475,5617,143,949,646,6940
10.0-20.0,ALL SOCIAL GROUPS,15,KRISHNA,611,7718,109,975,70,391,5,18,121,901,68,433,347,2718
10.0-20.0,ALL SOCIAL GROUPS,16,GUNTUR,501,6493,129,1616,3,4,2,4,49,400,173,1161,343,3185
10.0-20.0,ALL SOCIAL GROUPS,17,PRAKASAM,1904,24010,103,660,188,404,75,179,532,1723,143,395,902,3360
10.0-20.0,ALL SOCIAL GROUPS,18,NELLORE,1767,22856,200,1492,242,1507,72,479,331,2919,118,819,873,7216
10.0-20.0,ALL SOCIAL GROUPS,19,KADAPA,823,10144,25,118,4,2,29,60,290,1150,51,321,372,1650
10.0-20.0,ALL SOCIAL GROUPS,20,KURNOOL,3853,48661,533,3539,61,328,314,1639,642,2341,230,1057,1522,8903
10.0-20.0,ALL SOCIAL GROUPS,21,ANANTHAPUR,4002,52450,201,1039,12,27,106,275,1550,7026,20,32,1757,8400
10.0-20.0,ALL SOCIAL GROUPS,22,CHITTOOR,921,11917,20,170,79,241,72,293,476,1737,51,275,602,2716
7.5-10.0,SCHEDULED CASTE,1,ADILABAD,231,1967,0,0,6,11,4,15,1,2,9,38,20,67
7.5-10.0,SCHEDULED CASTE,2,NIZAMABAD,18,153,0,0,0,0,0,0,0,0,11,47,11,47
7.5-10.0,SCHEDULED CASTE,3,KARIMNAGAR,37,311,8,10,0,0,11,45,8,10,8,34,19,98
7.5-10.0,SCHEDULED CASTE,4,MEDAK,65,554,0,0,0,0,0,0,5,25,5,22,10,47
7.5-10.0,SCHEDULED CASTE,5,RANGAREDDY,53,454,0,0,0,0,0,0,12,19,7,30,19,49
7.5-10.0,SCHEDULED CASTE,6,MAHABUBNAGAR,202,1717,8,33,0,0,0,0,35,160,9,37,52,230
7.5-10.0,SCHEDULED CASTE,7,NALGONDA,64,542,0,0,0,0,10,28,8,17,16,66,33,111
7.5-10.0,SCHEDULED CASTE,8,WARANGAL,132,1128,7,58,3,25,60,171,0,0,32,141,102,395
7.5-10.0,SCHEDULED CASTE,9,KHAMMAM,43,366,11,46,11,51,1,3,2,3,3,13,23,116
7.5-10.0,SCHEDULED CASTE,10,SRIKAKULAM,2,18,0,0,0,0,0,0,0,0,2,9,2,9
7.5-10.0,SCHEDULED CASTE,11,VIZIANAGARAM,15,129,0,0,3,18,0,0,0,0,8,34,11,52
7.5-10.0,SCHEDULED CASTE,12,VISAKHAPATNAM,6,54,1,8,0,0,0,0,0,0,4,18,5,27
7.5-10.0,SCHEDULED CASTE,13,EAST GODAVARI,18,155,0,0,0,0,0,0,0,0,11,49,11,49
7.5-10.0,SCHEDULED CASTE,14,WEST GODAVARI,26,217,0,0,0,0,0,0,15,125,9,37,24,163
7.5-10.0,SCHEDULED CASTE,15,KRISHNA,28,240,5,28,0,0,0,0,3,16,15,65,20,109
7.5-10.0,SCHEDULED CASTE,16,GUNTUR,48,409,3,19,0,0,0,0,3,19,41,175,45,213
7.5-10.0,SCHEDULED CASTE,17,PRAKASAM,52,434,0,0,0,0,0,0,3,3,13,54,16,57
7.5-10.0,SCHEDULED CASTE,18,NELLORE,43,364,0,0,9,42,0,0,5,42,19,80,33,164
7.5-10.0,SCHEDULED CASTE,19,KADAPA,11,95,0,0,0,0,0,0,1,2,2,8,3,10
7.5-10.0,SCHEDULED CASTE,20,KURNOOL,157,1329,16,63,3,3,0,0,15,57,17,68,47,191
7.5-10.0,SCHEDULED CASTE,21,ANANTHAPUR,88,755,0,0,0,0,4,7,5,24,5,22,14,53
7.5-10.0,SCHEDULED CASTE,22,CHITTOOR,19,164,0,0,0,0,0,0,5,6,9,39,14,45
